{
  "parent": "minecraft:item/generated",
  "textures": {
    "layer0": "minecraft:item/cookie"
  },

  "overrides": [
    {"predicate": {"custom_model_data":1}, "model": "minecraft:item/tyokobanana1"},
    {"predicate": {"custom_model_data":2}, "model": "minecraft:item/tyokobanana2"},
    {"predicate": {"custom_model_data":3}, "model": "minecraft:item/tyokobanana3"},
    {"predicate": {"custom_model_data":4}, "model": "minecraft:item/tyokobanana4"},
    {"predicate": {"custom_model_data":5}, "model": "minecraft:item/tyokobanana5"}
  ]
}