{
	"credit": "Made with Blockbench",
	"parent": "item/handheld",
	"textures": {
		"layer0": "item/dotpict"
	},
	"display": {
		"thirdperson_righthand": {
			"rotation": [15, 90, 0],
			"translation": [0, 18.75, 5],
			"scale": [2.5, 2.5, 2]
		},
		"thirdperson_lefthand": {
			"rotation": [15, -90, 0],
			"translation": [0, 18.75, 5],
			"scale": [2.5, 2.5, 2]
		},
		"firstperson_righthand": {
			"rotation": [15, 90, 0],
			"translation": [0, 15, 5],
			"scale": [2, 2, 2]
		},
		"firstperson_lefthand": {
			"rotation": [15, -90, 0],
			"translation": [0, 15, 5],
			"scale": [2, 2, 2]
		},
		"ground": {
			"translation": [0, 18, 0],
			"scale": [3, 3, 3]
		},
		"gui": {
			"rotation": [-180, 0, 135],
			"scale": [1.5, 1.5, 1.5]
		},
		"head": {
			"rotation": [0, 0, 45],
			"translation": [0, -14.25, 6],
			"scale": [3, 3, 2]
		},
		"fixed": {
			"rotation": [-90, 0, 0],
			"translation": [0, 0, -30.25],
			"scale": [4, 4, 3]
		}
	}
}