{
	"credit": "Made with Blockbench",
	"texture_size": [64, 64],
	"textures": {
		"0": "block/black_concrete",
		"particle": "block/black_concrete"
	},
	"elements": [
		{
			"from": [0, -6.34921, 2.53968],
			"to": [6.35, -5.07921, 3.80968],
			"rotation": {"angle": -45, "axis": "y", "origin": [0, -15.61905, 0]},
			"faces": {
				"north": {"uv": [0, 0, 1.5875, 0.3175], "texture": "#0"},
				"east": {"uv": [0, 0, 0.3175, 0.3175], "texture": "#0"},
				"south": {"uv": [0, 0, 1.5875, 0.3175], "texture": "#0"},
				"west": {"uv": [0, 0, 0.3175, 0.3175], "texture": "#0"},
				"up": {"uv": [0, 0, 1.5875, 0.3175], "texture": "#0"},
				"down": {"uv": [0, 0, 1.5875, 0.3175], "texture": "#0"}
			}
		},
		{
			"from": [-3.80968, -6.34921, 0],
			"to": [-2.53968, -5.07921, 6.35],
			"rotation": {"angle": 22.5, "axis": "y", "origin": [0, -15.61905, 0]},
			"faces": {
				"north": {"uv": [0, 0, 0.3175, 0.3175], "texture": "#0"},
				"east": {"uv": [0, 0, 1.5875, 0.3175], "texture": "#0"},
				"south": {"uv": [0, 0, 0.3175, 0.3175], "texture": "#0"},
				"west": {"uv": [0, 0, 1.5875, 0.3175], "texture": "#0"},
				"up": {"uv": [0, 0, 1.5875, 0.3175], "rotation": 90, "texture": "#0"},
				"down": {"uv": [0, 0, 1.5875, 0.3175], "rotation": 270, "texture": "#0"}
			}
		},
		{
			"from": [0, -6.34921, 2.53968],
			"to": [6.35, -5.07921, 3.80968],
			"rotation": {"angle": 0, "axis": "z", "origin": [0, -15.61905, 0]},
			"faces": {
				"north": {"uv": [0, 0, 1.5875, 0.3175], "texture": "#0"},
				"east": {"uv": [0, 0, 0.3175, 0.3175], "texture": "#0"},
				"south": {"uv": [0, 0, 1.5875, 0.3175], "texture": "#0"},
				"west": {"uv": [0, 0, 0.3175, 0.3175], "texture": "#0"},
				"up": {"uv": [0, 0, 1.5875, 0.3175], "texture": "#0"},
				"down": {"uv": [0, 0, 1.5875, 0.3175], "texture": "#0"}
			}
		},
		{
			"from": [-3.80968, -6.34921, 0],
			"to": [-2.53968, -5.07921, 6.35],
			"rotation": {"angle": 0, "axis": "y", "origin": [0, -15.61905, 0]},
			"faces": {
				"north": {"uv": [0, 0, 0.3175, 0.3175], "texture": "#0"},
				"east": {"uv": [0, 0, 1.5875, 0.3175], "texture": "#0"},
				"south": {"uv": [0, 0, 0.3175, 0.3175], "texture": "#0"},
				"west": {"uv": [0, 0, 1.5875, 0.3175], "texture": "#0"},
				"up": {"uv": [0, 0, 1.5875, 0.3175], "rotation": 90, "texture": "#0"},
				"down": {"uv": [0, 0, 1.5875, 0.3175], "rotation": 270, "texture": "#0"}
			}
		},
		{
			"from": [-6.35, -6.34921, -3.80968],
			"to": [0, -5.07921, -2.53968],
			"rotation": {"angle": 22.5, "axis": "y", "origin": [0, -15.61905, 0]},
			"faces": {
				"north": {"uv": [0, 0, 1.5875, 0.3175], "texture": "#0"},
				"east": {"uv": [0, 0, 0.3175, 0.3175], "texture": "#0"},
				"south": {"uv": [0, 0, 1.5875, 0.3175], "texture": "#0"},
				"west": {"uv": [0, 0, 0.3175, 0.3175], "texture": "#0"},
				"up": {"uv": [0, 0, 1.5875, 0.3175], "rotation": 180, "texture": "#0"},
				"down": {"uv": [0, 0, 1.5875, 0.3175], "rotation": 180, "texture": "#0"}
			}
		},
		{
			"from": [-6.35, -6.34921, -3.80968],
			"to": [0, -5.07921, -2.53968],
			"rotation": {"angle": -45, "axis": "y", "origin": [0, -15.61905, 0]},
			"faces": {
				"north": {"uv": [0, 0, 1.5875, 0.3175], "texture": "#0"},
				"east": {"uv": [0, 0, 0.3175, 0.3175], "texture": "#0"},
				"south": {"uv": [0, 0, 1.5875, 0.3175], "texture": "#0"},
				"west": {"uv": [0, 0, 0.3175, 0.3175], "texture": "#0"},
				"up": {"uv": [0, 0, 1.5875, 0.3175], "rotation": 180, "texture": "#0"},
				"down": {"uv": [0, 0, 1.5875, 0.3175], "rotation": 180, "texture": "#0"}
			}
		},
		{
			"from": [-6.35, -6.34921, -3.80968],
			"to": [0, -5.07921, -2.53968],
			"rotation": {"angle": -22.5, "axis": "y", "origin": [0, -15.61905, 0]},
			"faces": {
				"north": {"uv": [0, 0, 1.5875, 0.3175], "texture": "#0"},
				"east": {"uv": [0, 0, 0.3175, 0.3175], "texture": "#0"},
				"south": {"uv": [0, 0, 1.5875, 0.3175], "texture": "#0"},
				"west": {"uv": [0, 0, 0.3175, 0.3175], "texture": "#0"},
				"up": {"uv": [0, 0, 1.5875, 0.3175], "rotation": 180, "texture": "#0"},
				"down": {"uv": [0, 0, 1.5875, 0.3175], "rotation": 180, "texture": "#0"}
			}
		},
		{
			"from": [-6.35, -6.34921, -3.80968],
			"to": [0, -5.07921, -2.53968],
			"rotation": {"angle": 0, "axis": "y", "origin": [0, -15.61905, 0]},
			"faces": {
				"north": {"uv": [0, 0, 1.5875, 0.3175], "texture": "#0"},
				"east": {"uv": [0, 0, 0.3175, 0.3175], "texture": "#0"},
				"south": {"uv": [0, 0, 1.5875, 0.3175], "texture": "#0"},
				"west": {"uv": [0, 0, 0.3175, 0.3175], "texture": "#0"},
				"up": {"uv": [0, 0, 1.5875, 0.3175], "rotation": 180, "texture": "#0"},
				"down": {"uv": [0, 0, 1.5875, 0.3175], "rotation": 180, "texture": "#0"}
			}
		},
		{
			"from": [2.53968, -6.34921, -6.35],
			"to": [3.80968, -5.07921, 0],
			"rotation": {"angle": 22.5, "axis": "y", "origin": [0, -15.61905, 0]},
			"faces": {
				"north": {"uv": [0, 0, 0.3175, 0.3175], "texture": "#0"},
				"east": {"uv": [0, 0, 1.5875, 0.3175], "texture": "#0"},
				"south": {"uv": [0, 0, 0.3175, 0.3175], "texture": "#0"},
				"west": {"uv": [0, 0, 1.5875, 0.3175], "texture": "#0"},
				"up": {"uv": [0, 0, 1.5875, 0.3175], "rotation": 270, "texture": "#0"},
				"down": {"uv": [0, 0, 1.5875, 0.3175], "rotation": 90, "texture": "#0"}
			}
		},
		{
			"from": [2.53968, -6.34921, -6.35],
			"to": [3.80968, -5.07921, 0],
			"rotation": {"angle": -22.5, "axis": "y", "origin": [0, -15.61905, 0]},
			"faces": {
				"north": {"uv": [0, 0, 0.3175, 0.3175], "texture": "#0"},
				"east": {"uv": [0, 0, 1.5875, 0.3175], "texture": "#0"},
				"south": {"uv": [0, 0, 0.3175, 0.3175], "texture": "#0"},
				"west": {"uv": [0, 0, 1.5875, 0.3175], "texture": "#0"},
				"up": {"uv": [0, 0, 1.5875, 0.3175], "rotation": 270, "texture": "#0"},
				"down": {"uv": [0, 0, 1.5875, 0.3175], "rotation": 90, "texture": "#0"}
			}
		},
		{
			"from": [2.53968, -6.34921, -6.35],
			"to": [3.80968, -5.07921, 0],
			"rotation": {"angle": 0, "axis": "y", "origin": [0, -15.61905, 0]},
			"faces": {
				"north": {"uv": [0, 0, 0.3175, 0.3175], "texture": "#0"},
				"east": {"uv": [0, 0, 1.5875, 0.3175], "texture": "#0"},
				"south": {"uv": [0, 0, 0.3175, 0.3175], "texture": "#0"},
				"west": {"uv": [0, 0, 1.5875, 0.3175], "texture": "#0"},
				"up": {"uv": [0, 0, 1.5875, 0.3175], "rotation": 270, "texture": "#0"},
				"down": {"uv": [0, 0, 1.5875, 0.3175], "rotation": 90, "texture": "#0"}
			}
		},
		{
			"from": [0, -6.34921, 2.53968],
			"to": [6.35, -5.07921, 3.80968],
			"rotation": {"angle": 22.5, "axis": "y", "origin": [0, -15.61905, 0]},
			"faces": {
				"north": {"uv": [0, 0, 1.5875, 0.3175], "texture": "#0"},
				"east": {"uv": [0, 0, 0.3175, 0.3175], "texture": "#0"},
				"south": {"uv": [0, 0, 1.5875, 0.3175], "texture": "#0"},
				"west": {"uv": [0, 0, 0.3175, 0.3175], "texture": "#0"},
				"up": {"uv": [0, 0, 1.5875, 0.3175], "texture": "#0"},
				"down": {"uv": [0, 0, 1.5875, 0.3175], "texture": "#0"}
			}
		},
		{
			"from": [-3.80968, -6.34921, 0],
			"to": [-2.53968, -5.07921, 6.35],
			"rotation": {"angle": -45, "axis": "y", "origin": [0, -15.61905, 0]},
			"faces": {
				"north": {"uv": [0, 0, 0.3175, 0.3175], "texture": "#0"},
				"east": {"uv": [0, 0, 1.5875, 0.3175], "texture": "#0"},
				"south": {"uv": [0, 0, 0.3175, 0.3175], "texture": "#0"},
				"west": {"uv": [0, 0, 1.5875, 0.3175], "texture": "#0"},
				"up": {"uv": [0, 0, 1.5875, 0.3175], "rotation": 90, "texture": "#0"},
				"down": {"uv": [0, 0, 1.5875, 0.3175], "rotation": 270, "texture": "#0"}
			}
		},
		{
			"from": [-3.80968, -6.34921, 0],
			"to": [-2.53968, -5.07921, 6.35],
			"rotation": {"angle": -22.5, "axis": "y", "origin": [0, -15.61905, 0]},
			"faces": {
				"north": {"uv": [0, 0, 0.3175, 0.3175], "texture": "#0"},
				"east": {"uv": [0, 0, 1.5875, 0.3175], "texture": "#0"},
				"south": {"uv": [0, 0, 0.3175, 0.3175], "texture": "#0"},
				"west": {"uv": [0, 0, 1.5875, 0.3175], "texture": "#0"},
				"up": {"uv": [0, 0, 1.5875, 0.3175], "rotation": 90, "texture": "#0"},
				"down": {"uv": [0, 0, 1.5875, 0.3175], "rotation": 270, "texture": "#0"}
			}
		},
		{
			"from": [2.53968, -6.34921, -6.35],
			"to": [3.80968, -5.07921, 0],
			"rotation": {"angle": -45, "axis": "y", "origin": [0, -15.61905, 0]},
			"faces": {
				"north": {"uv": [0, 0, 0.3175, 0.3175], "texture": "#0"},
				"east": {"uv": [0, 0, 1.5875, 0.3175], "texture": "#0"},
				"south": {"uv": [0, 0, 0.3175, 0.3175], "texture": "#0"},
				"west": {"uv": [0, 0, 1.5875, 0.3175], "texture": "#0"},
				"up": {"uv": [0, 0, 1.5875, 0.3175], "rotation": 270, "texture": "#0"},
				"down": {"uv": [0, 0, 1.5875, 0.3175], "rotation": 90, "texture": "#0"}
			}
		},
		{
			"from": [0, -6.34921, 2.53968],
			"to": [6.35, -5.07921, 3.80968],
			"rotation": {"angle": -22.5, "axis": "y", "origin": [0, -15.61905, 0]},
			"faces": {
				"north": {"uv": [0, 0, 1.5875, 0.3175], "texture": "#0"},
				"east": {"uv": [0, 0, 0.3175, 0.3175], "texture": "#0"},
				"south": {"uv": [0, 0, 1.5875, 0.3175], "texture": "#0"},
				"west": {"uv": [0, 0, 0.3175, 0.3175], "texture": "#0"},
				"up": {"uv": [0, 0, 1.5875, 0.3175], "texture": "#0"},
				"down": {"uv": [0, 0, 1.5875, 0.3175], "texture": "#0"}
			}
		}
	],
	"display": {
		"thirdperson_righthand": {
			"rotation": [67, 0, 0],
			"translation": [5, 0, 8.25],
			"scale": [0.5, 0.5, 0.5]
		},
		"thirdperson_lefthand": {
			"rotation": [67, 0, 0],
			"translation": [-3.75, 0, 8.25],
			"scale": [0.5, 0.5, 0.5]
		},
		"firstperson_righthand": {
			"translation": [17.25, 7, -4.75]
		},
		"firstperson_lefthand": {
			"translation": [11.25, 7, -4.75]
		},
		"gui": {
			"rotation": [90, 0, 0],
			"translation": [8.25, -7.75, 0]
		},
		"head": {
			"translation": [15.75, 26, 15.25],
			"scale": [2, 2, 2]
		},
		"fixed": {
			"translation": [7.75, 13.25, 8.25]
		}
	},
	"groups": [
		{
			"name": "group",
			"origin": [8, 8, 8],
			"color": 0,
			"children": [0, 1, 2, 3, 4, 5, 6, 7, 8, 9, 10, 11, 12, 13, 14, 15]
		}
	]
}