{
	"credit": "Made with Blockbench",
	"parent": "item/handheld",
	"textures": {
		"particle": "item/jubakuaxe",
		"layer0": "item/jubakuaxe"
	},
	"display": {
		"thirdperson_righthand": {
			"rotation": [0, -90, 40],
			"translation": [0, 10.25, 2.75],
			"scale": [2, 2, 1.5]
		},
		"thirdperson_lefthand": {
			"rotation": [0, 90, -40],
			"translation": [0, 10.25, 2.75],
			"scale": [2, 2, 1.5]
		},
		"firstperson_righthand": {
			"rotation": [0, -79, 60],
			"translation": [1, 6.25, 0],
			"scale": [1, 1, 0.75]
		},
		"firstperson_lefthand": {
			"rotation": [0, 85, -60],
			"translation": [1, 6.25, 0],
			"scale": [1, 1, 0.75]
		},
		"ground": {
			"rotation": [0, 0, 43],
			"translation": [0, 16.5, 0],
			"scale": [2, 2, 1.5]
		},
		"gui": {
			"translation": [0.5, 0.25, 0],
			"scale": [1.2, 1.2, 1]
		},
		"head": {
			"rotation": [5, 180, 82],
			"translation": [4.5, -14.75, 6.5],
			"scale": [3, 3, 2.25]
		},
		"fixed": {
			"rotation": [0, 180, -16],
			"translation": [-5.25, 1.75, -1.5],
			"scale": [4, 4, 3]
		}
	}
}