{
	"credit": "Made with Blockbench",
	"textures": {
		"0": "block/white_stained_glass",
		"2": "block/crimson_nylium",
		"3": "block/white_concrete",
		"particle": "block/white_stained_glass"
	},
	"elements": [
		{
			"from": [7.9, 0, 7.01],
			"to": [8.027, 0.127, 7.64494],
			"faces": {
				"north": {"uv": [0, 0, 16, 16], "texture": "#0"},
				"east": {"uv": [0, 0, 16, 16], "texture": "#0"},
				"south": {"uv": [0, 0, 16, 16], "texture": "#0"},
				"west": {"uv": [0, 0, 16, 16], "texture": "#0"},
				"up": {"uv": [0, 0, 16, 16], "texture": "#0"},
				"down": {"uv": [0, 0, 16, 16], "texture": "#0"}
			}
		},
		{
			"from": [9.125, 0, 7],
			"to": [9.252, 0.127, 7.63494],
			"faces": {
				"north": {"uv": [0, 0, 16, 16], "texture": "#0"},
				"east": {"uv": [0, 0, 16, 16], "texture": "#0"},
				"south": {"uv": [0, 0, 16, 16], "texture": "#0"},
				"west": {"uv": [0, 0, 16, 16], "texture": "#0"},
				"up": {"uv": [0, 0, 16, 16], "texture": "#0"},
				"down": {"uv": [0, 0, 16, 16], "texture": "#0"}
			}
		},
		{
			"from": [8.261, 0, 6.64],
			"to": [8.89594, 0.127, 6.767],
			"faces": {
				"north": {"uv": [0, 0, 16, 16], "texture": "#0"},
				"east": {"uv": [0, 0, 16, 16], "texture": "#0"},
				"south": {"uv": [0, 0, 16, 16], "texture": "#0"},
				"west": {"uv": [0, 0, 16, 16], "texture": "#0"},
				"up": {"uv": [0, 0, 16, 16], "rotation": 90, "texture": "#0"},
				"down": {"uv": [0, 0, 16, 16], "rotation": 270, "texture": "#0"}
			}
		},
		{
			"from": [8.26, 0, 7.875],
			"to": [8.89494, 0.127, 8.002],
			"faces": {
				"north": {"uv": [0, 0, 16, 16], "texture": "#0"},
				"east": {"uv": [0, 0, 16, 16], "texture": "#0"},
				"south": {"uv": [0, 0, 16, 16], "texture": "#0"},
				"west": {"uv": [0, 0, 16, 16], "texture": "#0"},
				"up": {"uv": [0, 0, 16, 15.87302], "rotation": 90, "texture": "#0"},
				"down": {"uv": [0, 0, 16, 15.87302], "rotation": 270, "texture": "#0"}
			}
		},
		{
			"from": [8.51397, 0, 7.24008],
			"to": [8.64097, 0.63494, 7.36708],
			"faces": {
				"north": {"uv": [0, 0, 16, 16], "texture": "#0"},
				"east": {"uv": [0, 0, 16, 16], "texture": "#0"},
				"south": {"uv": [0, 0, 16, 16], "texture": "#0"},
				"west": {"uv": [0, 0, 16, 16], "texture": "#0"},
				"up": {"uv": [0, 0, 16, 15.87302], "rotation": 90, "texture": "#0"},
				"down": {"uv": [0, 0, 16, 15.87302], "rotation": 270, "texture": "#0"}
			}
		},
		{
			"from": [8.26, 0.63492, 6.98611],
			"to": [8.89494, 0.76192, 7.62105],
			"faces": {
				"north": {"uv": [0, 0, 16, 16], "texture": "#0"},
				"east": {"uv": [0, 0, 16, 16], "texture": "#0"},
				"south": {"uv": [0, 0, 16, 16], "texture": "#0"},
				"west": {"uv": [0, 0, 16, 16], "texture": "#0"},
				"up": {"uv": [0, 0, 16, 15.87302], "rotation": 90, "texture": "#0"},
				"down": {"uv": [0, 0, 16, 15.87302], "rotation": 270, "texture": "#0"}
			}
		},
		{
			"from": [8.26, 1.14286, 6.73214],
			"to": [8.89494, 1.26986, 6.85914],
			"faces": {
				"north": {"uv": [0, 0, 16, 16], "texture": "#0"},
				"east": {"uv": [0, 0, 16, 16], "texture": "#0"},
				"south": {"uv": [0, 0, 16, 16], "texture": "#0"},
				"west": {"uv": [0, 0, 16, 16], "texture": "#0"},
				"up": {"uv": [0, 0, 16, 15.87302], "rotation": 90, "texture": "#missing"},
				"down": {"uv": [0, 0, 16, 15.87302], "rotation": 270, "texture": "#0"}
			}
		},
		{
			"from": [9.0219, 1.14286, 6.98611],
			"to": [9.1489, 1.26986, 7.62105],
			"faces": {
				"north": {"uv": [0, 0, 16, 16], "texture": "#0"},
				"east": {"uv": [0, 0, 16, 16], "texture": "#0"},
				"south": {"uv": [0, 0, 16, 16], "texture": "#0"},
				"west": {"uv": [0, 0, 16, 16], "texture": "#0"},
				"up": {"uv": [0, 0, 16, 15.87302], "rotation": 90, "texture": "#missing"},
				"down": {"uv": [0, 0, 16, 15.87302], "rotation": 270, "texture": "#0"}
			}
		},
		{
			"from": [8.13302, 1.14286, 6.85913],
			"to": [9.02192, 1.26986, 7.74803],
			"faces": {
				"north": {"uv": [0, 0, 16, 16], "texture": "#0"},
				"east": {"uv": [0, 0, 16, 16], "texture": "#0"},
				"south": {"uv": [0, 0, 16, 16], "texture": "#0"},
				"west": {"uv": [0, 0, 16, 16], "texture": "#0"},
				"up": {"uv": [0, 0, 16, 15.87302], "rotation": 90, "texture": "#missing"},
				"down": {"uv": [0, 0, 16, 15.87302], "rotation": 270, "texture": "#0"}
			}
		},
		{
			"from": [8.13302, 1.26984, 6.85913],
			"to": [9.02192, 1.52383, 7.74803],
			"faces": {
				"north": {"uv": [0, 0, 16, 16], "texture": "#3"},
				"east": {"uv": [0, 0, 16, 16], "texture": "#3"},
				"south": {"uv": [0, 0, 16, 16], "texture": "#3"},
				"west": {"uv": [0, 0, 16, 16], "texture": "#3"},
				"up": {"uv": [0, 0, 16, 15.87302], "rotation": 90, "texture": "#3"},
				"down": {"uv": [0, 0, 16, 15.87302], "rotation": 270, "texture": "#3"}
			}
		},
		{
			"from": [8.26, 1.52381, 6.98611],
			"to": [8.89494, 1.77779, 7.62105],
			"faces": {
				"north": {"uv": [0, 0, 16, 16], "texture": "#3"},
				"east": {"uv": [0, 0, 16, 16], "texture": "#3"},
				"south": {"uv": [0, 0, 16, 16], "texture": "#3"},
				"west": {"uv": [0, 0, 16, 16], "texture": "#3"},
				"up": {"uv": [0, 0, 16, 15.87302], "rotation": 90, "texture": "#3"},
				"down": {"uv": [0, 0, 16, 15.87302], "rotation": 270, "texture": "#3"}
			}
		},
		{
			"from": [8.26, 1.77778, 6.98611],
			"to": [8.89494, 1.90478, 7.62105],
			"faces": {
				"north": {"uv": [0, 0, 16, 16], "texture": "#2"},
				"east": {"uv": [0, 0, 16, 16], "texture": "#2"},
				"south": {"uv": [0, 0, 16, 16], "texture": "#2"},
				"west": {"uv": [0, 0, 16, 16], "texture": "#2"},
				"up": {"uv": [0, 0, 16, 15.87302], "rotation": 90, "texture": "#2"},
				"down": {"uv": [0, 0, 16, 15.87302], "rotation": 270, "texture": "#missing"}
			}
		},
		{
			"from": [8.38698, 1.90476, 7.1131],
			"to": [8.76795, 2.03176, 7.49406],
			"faces": {
				"north": {"uv": [0, 0, 16, 16], "texture": "#2"},
				"east": {"uv": [0, 0, 16, 16], "texture": "#2"},
				"south": {"uv": [0, 0, 16, 16], "texture": "#2"},
				"west": {"uv": [0, 0, 16, 16], "texture": "#2"},
				"up": {"uv": [0, 0, 16, 15.87302], "rotation": 90, "texture": "#2"},
				"down": {"uv": [0, 0, 16, 15.87302], "rotation": 270, "texture": "#missing"}
			}
		},
		{
			"from": [9.0219, 1.26984, 6.98611],
			"to": [9.1489, 1.52383, 7.62105],
			"faces": {
				"north": {"uv": [0, 0, 16, 16], "texture": "#3"},
				"east": {"uv": [0, 0, 16, 16], "texture": "#3"},
				"south": {"uv": [0, 0, 16, 16], "texture": "#3"},
				"west": {"uv": [0, 0, 16, 16], "texture": "#3"},
				"up": {"uv": [0, 0, 16, 15.87302], "rotation": 90, "texture": "#3"},
				"down": {"uv": [0, 0, 16, 15.87302], "rotation": 270, "texture": "#3"}
			}
		},
		{
			"from": [8.00603, 1.26984, 6.98611],
			"to": [8.13303, 1.52383, 7.62105],
			"faces": {
				"north": {"uv": [0, 0, 16, 16], "texture": "#3"},
				"east": {"uv": [0, 0, 16, 16], "texture": "#3"},
				"south": {"uv": [0, 0, 16, 16], "texture": "#3"},
				"west": {"uv": [0, 0, 16, 16], "texture": "#3"},
				"up": {"uv": [0, 0, 16, 15.87302], "rotation": 90, "texture": "#3"},
				"down": {"uv": [0, 0, 16, 15.87302], "rotation": 270, "texture": "#3"}
			}
		},
		{
			"from": [8.89492, 1.52381, 6.98611],
			"to": [9.02192, 1.77779, 7.62105],
			"faces": {
				"north": {"uv": [0, 0, 16, 16], "texture": "#2"},
				"east": {"uv": [0, 0, 16, 16], "texture": "#2"},
				"south": {"uv": [0, 0, 16, 16], "texture": "#2"},
				"west": {"uv": [0, 0, 16, 16], "texture": "#missing"},
				"up": {"uv": [0, 0, 16, 15.87302], "rotation": 90, "texture": "#2"},
				"down": {"uv": [0, 0, 16, 15.87302], "rotation": 270, "texture": "#missing"}
			}
		},
		{
			"from": [8.13302, 1.52381, 6.98611],
			"to": [8.26002, 1.77779, 7.62105],
			"faces": {
				"north": {"uv": [0, 0, 16, 16], "texture": "#2"},
				"east": {"uv": [0, 0, 16, 16], "texture": "#missing"},
				"south": {"uv": [0, 0, 16, 16], "texture": "#2"},
				"west": {"uv": [0, 0, 16, 16], "texture": "#2"},
				"up": {"uv": [0, 0, 16, 15.87302], "rotation": 90, "texture": "#2"},
				"down": {"uv": [0, 0, 16, 15.87302], "rotation": 270, "texture": "#missing"}
			}
		},
		{
			"from": [8.00603, 1.14286, 6.98611],
			"to": [8.13303, 1.26986, 7.62105],
			"faces": {
				"north": {"uv": [0, 0, 16, 16], "texture": "#3"},
				"east": {"uv": [0, 0, 16, 16], "texture": "#3"},
				"south": {"uv": [0, 0, 16, 16], "texture": "#3"},
				"west": {"uv": [0, 0, 16, 16], "texture": "#3"},
				"up": {"uv": [0, 0, 16, 15.87302], "rotation": 90, "texture": "#3"},
				"down": {"uv": [0, 0, 16, 15.87302], "rotation": 270, "texture": "#3"}
			}
		},
		{
			"from": [8.26, 1.14286, 7.74802],
			"to": [8.89494, 1.26986, 7.87502],
			"faces": {
				"north": {"uv": [0, 0, 16, 16], "texture": "#0"},
				"east": {"uv": [0, 0, 16, 16], "texture": "#0"},
				"south": {"uv": [0, 0, 16, 16], "texture": "#0"},
				"west": {"uv": [0, 0, 16, 16], "texture": "#0"},
				"up": {"uv": [0, 0, 16, 15.87302], "rotation": 90, "texture": "#missing"},
				"down": {"uv": [0, 0, 16, 15.87302], "rotation": 270, "texture": "#0"}
			}
		},
		{
			"from": [8.26, 1.26984, 7.74802],
			"to": [8.89494, 1.52383, 7.87502],
			"faces": {
				"north": {"uv": [0, 0, 16, 16], "texture": "#3"},
				"east": {"uv": [0, 0, 16, 16], "texture": "#3"},
				"south": {"uv": [0, 0, 16, 16], "texture": "#3"},
				"west": {"uv": [0, 0, 16, 16], "texture": "#3"},
				"up": {"uv": [0, 0, 16, 15.87302], "rotation": 90, "texture": "#3"},
				"down": {"uv": [0, 0, 16, 15.87302], "rotation": 270, "texture": "#3"}
			}
		},
		{
			"from": [8.26, 1.26984, 6.73215],
			"to": [8.89494, 1.52383, 6.85915],
			"faces": {
				"north": {"uv": [0, 0, 16, 16], "texture": "#3"},
				"east": {"uv": [0, 0, 16, 16], "texture": "#3"},
				"south": {"uv": [0, 0, 16, 16], "texture": "#3"},
				"west": {"uv": [0, 0, 16, 16], "texture": "#3"},
				"up": {"uv": [0, 0, 16, 15.87302], "rotation": 90, "texture": "#3"},
				"down": {"uv": [0, 0, 16, 15.87302], "rotation": 270, "texture": "#3"}
			}
		},
		{
			"from": [8.26, 1.52381, 7.62103],
			"to": [8.89494, 1.77779, 7.74803],
			"faces": {
				"north": {"uv": [0, 0, 16, 16], "texture": "#missing"},
				"east": {"uv": [0, 0, 16, 16], "texture": "#2"},
				"south": {"uv": [0, 0, 16, 16], "texture": "#2"},
				"west": {"uv": [0, 0, 16, 16], "texture": "#2"},
				"up": {"uv": [0, 0, 16, 15.87302], "rotation": 90, "texture": "#2"},
				"down": {"uv": [0, 0, 16, 15.87302], "rotation": 270, "texture": "#missing"}
			}
		},
		{
			"from": [8.26, 1.52381, 6.85913],
			"to": [8.89494, 1.77779, 6.98613],
			"faces": {
				"north": {"uv": [0, 0, 16, 16], "texture": "#2"},
				"east": {"uv": [0, 0, 16, 16], "texture": "#2"},
				"south": {"uv": [0, 0, 16, 16], "texture": "#missing"},
				"west": {"uv": [0, 0, 16, 16], "texture": "#2"},
				"up": {"uv": [0, 0, 16, 15.87302], "rotation": 90, "texture": "#2"},
				"down": {"uv": [0, 0, 16, 15.87302], "rotation": 270, "texture": "#missing"}
			}
		},
		{
			"from": [8.26, 0.7619, 7.62103],
			"to": [8.89494, 0.8889, 7.74803],
			"faces": {
				"north": {"uv": [0, 0, 16, 16], "texture": "#0"},
				"east": {"uv": [0, 0, 16, 16], "texture": "#0"},
				"south": {"uv": [0, 0, 16, 16], "texture": "#0"},
				"west": {"uv": [0, 0, 16, 16], "texture": "#0"},
				"up": {"uv": [0, 0, 16, 15.87302], "rotation": 90, "texture": "#0"},
				"down": {"uv": [0, 0, 16, 15.87302], "rotation": 270, "texture": "#0"}
			}
		},
		{
			"from": [8.13302, 0.88889, 7.62103],
			"to": [8.26002, 1.01589, 7.74803],
			"faces": {
				"north": {"uv": [0, 0, 16, 16], "texture": "#0"},
				"east": {"uv": [0, 0, 16, 16], "texture": "#0"},
				"south": {"uv": [0, 0, 16, 16], "texture": "#0"},
				"west": {"uv": [0, 0, 16, 16], "texture": "#0"},
				"up": {"uv": [0, 0, 16, 15.87302], "rotation": 90, "texture": "#0"},
				"down": {"uv": [0, 0, 16, 15.87302], "rotation": 270, "texture": "#0"}
			}
		},
		{
			"from": [8.89492, 0.88889, 7.62103],
			"to": [9.02192, 1.01589, 7.74803],
			"faces": {
				"north": {"uv": [0, 0, 16, 16], "texture": "#0"},
				"east": {"uv": [0, 0, 16, 16], "texture": "#0"},
				"south": {"uv": [0, 0, 16, 16], "texture": "#0"},
				"west": {"uv": [0, 0, 16, 16], "texture": "#0"},
				"up": {"uv": [0, 0, 16, 15.87302], "rotation": 90, "texture": "#0"},
				"down": {"uv": [0, 0, 16, 15.87302], "rotation": 270, "texture": "#0"}
			}
		},
		{
			"from": [8.89492, 1.01587, 7.74802],
			"to": [9.02192, 1.26986, 7.87502],
			"faces": {
				"north": {"uv": [0, 0, 16, 16], "texture": "#0"},
				"east": {"uv": [0, 0, 16, 16], "texture": "#0"},
				"south": {"uv": [0, 0, 16, 16], "texture": "#0"},
				"west": {"uv": [0, 0, 16, 16], "texture": "#0"},
				"up": {"uv": [0, 0, 16, 15.87302], "rotation": 90, "texture": "#0"},
				"down": {"uv": [0, 0, 16, 15.87302], "rotation": 270, "texture": "#0"}
			}
		},
		{
			"from": [8.13302, 1.01587, 7.74802],
			"to": [8.26002, 1.26986, 7.87502],
			"faces": {
				"north": {"uv": [0, 0, 16, 16], "texture": "#0"},
				"east": {"uv": [0, 0, 16, 16], "texture": "#0"},
				"south": {"uv": [0, 0, 16, 16], "texture": "#0"},
				"west": {"uv": [0, 0, 16, 16], "texture": "#0"},
				"up": {"uv": [0, 0, 16, 15.87302], "rotation": 90, "texture": "#0"},
				"down": {"uv": [0, 0, 16, 15.87302], "rotation": 270, "texture": "#0"}
			}
		},
		{
			"from": [8.89492, 1.01587, 6.73214],
			"to": [9.02192, 1.26986, 6.85914],
			"faces": {
				"north": {"uv": [0, 0, 16, 16], "texture": "#0"},
				"east": {"uv": [0, 0, 16, 16], "texture": "#0"},
				"south": {"uv": [0, 0, 16, 16], "texture": "#0"},
				"west": {"uv": [0, 0, 16, 16], "texture": "#0"},
				"up": {"uv": [0, 0, 16, 15.87302], "rotation": 90, "texture": "#0"},
				"down": {"uv": [0, 0, 16, 15.87302], "rotation": 270, "texture": "#0"}
			}
		},
		{
			"from": [8.13302, 1.01587, 6.73214],
			"to": [8.26002, 1.26986, 6.85914],
			"faces": {
				"north": {"uv": [0, 0, 16, 16], "texture": "#0"},
				"east": {"uv": [0, 0, 16, 16], "texture": "#0"},
				"south": {"uv": [0, 0, 16, 16], "texture": "#0"},
				"west": {"uv": [0, 0, 16, 16], "texture": "#0"},
				"up": {"uv": [0, 0, 16, 15.87302], "rotation": 90, "texture": "#0"},
				"down": {"uv": [0, 0, 16, 15.87302], "rotation": 270, "texture": "#0"}
			}
		},
		{
			"from": [9.0219, 1.01587, 7.62103],
			"to": [9.1489, 1.26986, 7.74803],
			"faces": {
				"north": {"uv": [0, 0, 16, 16], "texture": "#0"},
				"east": {"uv": [0, 0, 16, 16], "texture": "#0"},
				"south": {"uv": [0, 0, 16, 16], "texture": "#0"},
				"west": {"uv": [0, 0, 16, 16], "texture": "#0"},
				"up": {"uv": [0, 0, 16, 15.87302], "rotation": 90, "texture": "#0"},
				"down": {"uv": [0, 0, 16, 15.87302], "rotation": 270, "texture": "#0"}
			}
		},
		{
			"from": [8.00603, 1.01587, 7.62103],
			"to": [8.13303, 1.26986, 7.74803],
			"faces": {
				"north": {"uv": [0, 0, 16, 16], "texture": "#0"},
				"east": {"uv": [0, 0, 16, 16], "texture": "#0"},
				"south": {"uv": [0, 0, 16, 16], "texture": "#0"},
				"west": {"uv": [0, 0, 16, 16], "texture": "#0"},
				"up": {"uv": [0, 0, 16, 15.87302], "rotation": 90, "texture": "#0"},
				"down": {"uv": [0, 0, 16, 15.87302], "rotation": 270, "texture": "#0"}
			}
		},
		{
			"from": [9.0219, 1.01587, 6.85913],
			"to": [9.1489, 1.26986, 6.98613],
			"faces": {
				"north": {"uv": [0, 0, 16, 16], "texture": "#0"},
				"east": {"uv": [0, 0, 16, 16], "texture": "#0"},
				"south": {"uv": [0, 0, 16, 16], "texture": "#0"},
				"west": {"uv": [0, 0, 16, 16], "texture": "#0"},
				"up": {"uv": [0, 0, 16, 15.87302], "rotation": 90, "texture": "#0"},
				"down": {"uv": [0, 0, 16, 15.87302], "rotation": 270, "texture": "#0"}
			}
		},
		{
			"from": [8.00603, 1.01587, 6.85913],
			"to": [8.13303, 1.26986, 6.98613],
			"faces": {
				"north": {"uv": [0, 0, 16, 16], "texture": "#0"},
				"east": {"uv": [0, 0, 16, 16], "texture": "#0"},
				"south": {"uv": [0, 0, 16, 16], "texture": "#0"},
				"west": {"uv": [0, 0, 16, 16], "texture": "#0"},
				"up": {"uv": [0, 0, 16, 15.87302], "rotation": 90, "texture": "#0"},
				"down": {"uv": [0, 0, 16, 15.87302], "rotation": 270, "texture": "#0"}
			}
		},
		{
			"from": [8.89492, 0.88889, 6.85913],
			"to": [9.02192, 1.01589, 6.98613],
			"faces": {
				"north": {"uv": [0, 0, 16, 16], "texture": "#0"},
				"east": {"uv": [0, 0, 16, 16], "texture": "#0"},
				"south": {"uv": [0, 0, 16, 16], "texture": "#0"},
				"west": {"uv": [0, 0, 16, 16], "texture": "#0"},
				"up": {"uv": [0, 0, 16, 15.87302], "rotation": 90, "texture": "#0"},
				"down": {"uv": [0, 0, 16, 15.87302], "rotation": 270, "texture": "#0"}
			}
		},
		{
			"from": [8.13302, 0.88889, 6.85913],
			"to": [8.26002, 1.01589, 6.98613],
			"faces": {
				"north": {"uv": [0, 0, 16, 16], "texture": "#0"},
				"east": {"uv": [0, 0, 16, 16], "texture": "#0"},
				"south": {"uv": [0, 0, 16, 16], "texture": "#0"},
				"west": {"uv": [0, 0, 16, 16], "texture": "#0"},
				"up": {"uv": [0, 0, 16, 15.87302], "rotation": 90, "texture": "#0"},
				"down": {"uv": [0, 0, 16, 15.87302], "rotation": 270, "texture": "#0"}
			}
		},
		{
			"from": [8.26, 0.7619, 6.85913],
			"to": [8.89494, 0.8889, 6.98613],
			"faces": {
				"north": {"uv": [0, 0, 16, 16], "texture": "#0"},
				"east": {"uv": [0, 0, 16, 16], "texture": "#0"},
				"south": {"uv": [0, 0, 16, 16], "texture": "#0"},
				"west": {"uv": [0, 0, 16, 16], "texture": "#0"},
				"up": {"uv": [0, 0, 16, 15.87302], "rotation": 90, "texture": "#0"},
				"down": {"uv": [0, 0, 16, 15.87302], "rotation": 270, "texture": "#0"}
			}
		},
		{
			"from": [8.26, 0.88889, 6.73214],
			"to": [8.89494, 1.01589, 6.85914],
			"faces": {
				"north": {"uv": [0, 0, 16, 16], "texture": "#0"},
				"east": {"uv": [0, 0, 16, 16], "texture": "#0"},
				"south": {"uv": [0, 0, 16, 16], "texture": "#0"},
				"west": {"uv": [0, 0, 16, 16], "texture": "#0"},
				"up": {"uv": [0, 0, 16, 15.87302], "rotation": 90, "texture": "#0"},
				"down": {"uv": [0, 0, 16, 15.87302], "rotation": 270, "texture": "#0"}
			}
		},
		{
			"from": [8.26, 0.88889, 7.74802],
			"to": [8.89494, 1.01589, 7.87502],
			"faces": {
				"north": {"uv": [0, 0, 16, 16], "texture": "#0"},
				"east": {"uv": [0, 0, 16, 16], "texture": "#0"},
				"south": {"uv": [0, 0, 16, 16], "texture": "#0"},
				"west": {"uv": [0, 0, 16, 16], "texture": "#0"},
				"up": {"uv": [0, 0, 16, 15.87302], "rotation": 90, "texture": "#0"},
				"down": {"uv": [0, 0, 16, 15.87302], "rotation": 270, "texture": "#0"}
			}
		},
		{
			"from": [8.26, 1.01587, 7.875],
			"to": [8.89494, 1.26986, 8.002],
			"faces": {
				"north": {"uv": [0, 0, 16, 16], "texture": "#0"},
				"east": {"uv": [0, 0, 16, 16], "texture": "#0"},
				"south": {"uv": [0, 0, 16, 16], "texture": "#0"},
				"west": {"uv": [0, 0, 16, 16], "texture": "#0"},
				"up": {"uv": [0, 0, 16, 15.87302], "rotation": 90, "texture": "#0"},
				"down": {"uv": [0, 0, 16, 15.87302], "rotation": 270, "texture": "#0"}
			}
		},
		{
			"from": [8.26, 1.01587, 6.60516],
			"to": [8.89494, 1.26986, 6.73216],
			"faces": {
				"north": {"uv": [0, 0, 16, 16], "texture": "#0"},
				"east": {"uv": [0, 0, 16, 16], "texture": "#0"},
				"south": {"uv": [0, 0, 16, 16], "texture": "#0"},
				"west": {"uv": [0, 0, 16, 16], "texture": "#0"},
				"up": {"uv": [0, 0, 16, 15.87302], "rotation": 90, "texture": "#0"},
				"down": {"uv": [0, 0, 16, 15.87302], "rotation": 270, "texture": "#0"}
			}
		},
		{
			"from": [8.13302, 0.7619, 6.98611],
			"to": [8.26002, 0.8889, 7.62105],
			"faces": {
				"north": {"uv": [0, 0, 16, 16], "texture": "#0"},
				"east": {"uv": [0, 0, 16, 16], "texture": "#0"},
				"south": {"uv": [0, 0, 16, 16], "texture": "#0"},
				"west": {"uv": [0, 0, 16, 16], "texture": "#0"},
				"up": {"uv": [0, 0, 16, 15.87302], "rotation": 90, "texture": "#0"},
				"down": {"uv": [0, 0, 16, 15.87302], "rotation": 270, "texture": "#0"}
			}
		},
		{
			"from": [8.00603, 0.88889, 6.98611],
			"to": [8.13303, 1.01589, 7.62105],
			"faces": {
				"north": {"uv": [0, 0, 16, 16], "texture": "#0"},
				"east": {"uv": [0, 0, 16, 16], "texture": "#0"},
				"south": {"uv": [0, 0, 16, 16], "texture": "#0"},
				"west": {"uv": [0, 0, 16, 16], "texture": "#0"},
				"up": {"uv": [0, 0, 16, 15.87302], "rotation": 90, "texture": "#0"},
				"down": {"uv": [0, 0, 16, 15.87302], "rotation": 270, "texture": "#0"}
			}
		},
		{
			"from": [7.87905, 1.01587, 6.98611],
			"to": [8.00605, 1.26986, 7.62105],
			"faces": {
				"north": {"uv": [0, 0, 16, 16], "texture": "#0"},
				"east": {"uv": [0, 0, 16, 16], "texture": "#0"},
				"south": {"uv": [0, 0, 16, 16], "texture": "#0"},
				"west": {"uv": [0, 0, 16, 16], "texture": "#0"},
				"up": {"uv": [0, 0, 16, 15.87302], "rotation": 90, "texture": "#0"},
				"down": {"uv": [0, 0, 16, 15.87302], "rotation": 270, "texture": "#0"}
			}
		},
		{
			"from": [9.14889, 1.01587, 6.98611],
			"to": [9.27589, 1.26986, 7.62105],
			"faces": {
				"north": {"uv": [0, 0, 16, 16], "texture": "#0"},
				"east": {"uv": [0, 0, 16, 16], "texture": "#0"},
				"south": {"uv": [0, 0, 16, 16], "texture": "#0"},
				"west": {"uv": [0, 0, 16, 16], "texture": "#0"},
				"up": {"uv": [0, 0, 16, 15.87302], "rotation": 90, "texture": "#0"},
				"down": {"uv": [0, 0, 16, 15.87302], "rotation": 270, "texture": "#0"}
			}
		},
		{
			"from": [9.0219, 0.88889, 6.98611],
			"to": [9.1489, 1.01589, 7.62105],
			"faces": {
				"north": {"uv": [0, 0, 16, 16], "texture": "#0"},
				"east": {"uv": [0, 0, 16, 16], "texture": "#0"},
				"south": {"uv": [0, 0, 16, 16], "texture": "#0"},
				"west": {"uv": [0, 0, 16, 16], "texture": "#0"},
				"up": {"uv": [0, 0, 16, 15.87302], "rotation": 90, "texture": "#0"},
				"down": {"uv": [0, 0, 16, 15.87302], "rotation": 270, "texture": "#0"}
			}
		},
		{
			"from": [8.89492, 0.7619, 6.98611],
			"to": [9.02192, 0.8889, 7.62105],
			"faces": {
				"north": {"uv": [0, 0, 16, 16], "texture": "#0"},
				"east": {"uv": [0, 0, 16, 16], "texture": "#0"},
				"south": {"uv": [0, 0, 16, 16], "texture": "#0"},
				"west": {"uv": [0, 0, 16, 16], "texture": "#0"},
				"up": {"uv": [0, 0, 16, 15.87302], "rotation": 90, "texture": "#0"},
				"down": {"uv": [0, 0, 16, 15.87302], "rotation": 270, "texture": "#0"}
			}
		},
		{
			"from": [10.53968, 0, -1.14286],
			"to": [10.66668, 0.127, -0.6349],
			"rotation": {"angle": -45, "axis": "y", "origin": [0, 0, 0]},
			"faces": {
				"north": {"uv": [0, 0, 16, 16], "texture": "#0"},
				"east": {"uv": [0, 0, 16, 16], "texture": "#0"},
				"south": {"uv": [0, 0, 16, 16], "texture": "#0"},
				"west": {"uv": [0, 0, 16, 16], "texture": "#0"},
				"up": {"uv": [0, 0, 16, 16], "texture": "#0"},
				"down": {"uv": [0, 0, 16, 16], "texture": "#0"}
			}
		},
		{
			"from": [11.80952, 0, -1.14286],
			"to": [11.93652, 0.127, -0.6349],
			"rotation": {"angle": -45, "axis": "y", "origin": [0, 0, 0]},
			"faces": {
				"north": {"uv": [0, 0, 16, 16], "texture": "#0"},
				"east": {"uv": [0, 0, 16, 16], "texture": "#0"},
				"south": {"uv": [0, 0, 16, 16], "texture": "#0"},
				"west": {"uv": [0, 0, 16, 16], "texture": "#0"},
				"up": {"uv": [0, 0, 16, 16], "texture": "#0"},
				"down": {"uv": [0, 0, 16, 16], "texture": "#0"}
			}
		},
		{
			"from": [10.99, 0, -0.31],
			"to": [11.49795, 0.127, -0.183],
			"rotation": {"angle": -45, "axis": "y", "origin": [0, 0, 0]},
			"faces": {
				"north": {"uv": [0, 0, 16, 16], "texture": "#0"},
				"east": {"uv": [0, 0, 16, 16], "texture": "#0"},
				"south": {"uv": [0, 0, 16, 16], "texture": "#0"},
				"west": {"uv": [0, 0, 16, 16], "texture": "#0"},
				"up": {"uv": [0, 0, 16, 16], "rotation": 90, "texture": "#0"},
				"down": {"uv": [0, 0, 16, 16], "rotation": 270, "texture": "#0"}
			}
		},
		{
			"from": [10.985, 0, -1.595],
			"to": [11.49295, 0.127, -1.468],
			"rotation": {"angle": -45, "axis": "y", "origin": [0, 0, 0]},
			"faces": {
				"north": {"uv": [0, 0, 16, 16], "texture": "#0"},
				"east": {"uv": [0, 0, 16, 16], "texture": "#0"},
				"south": {"uv": [0, 0, 16, 16], "texture": "#0"},
				"west": {"uv": [0, 0, 16, 15.87302], "texture": "#0"},
				"up": {"uv": [0, 0, 16, 16], "rotation": 90, "texture": "#0"},
				"down": {"uv": [0, 0, 16, 16], "rotation": 270, "texture": "#0"}
			}
		},
		{
			"from": [8.12698, -0.0635, 6.85714],
			"to": [9.01589, 0, 7.74605],
			"faces": {
				"north": {"uv": [0, 0, 16, 1], "texture": "#0"},
				"east": {"uv": [15.1111, 0, 16, 16], "texture": "#0"},
				"south": {"uv": [0, 15, 16, 16], "texture": "#0"},
				"west": {"uv": [0, 0, 1, 16], "texture": "#0"},
				"up": {"uv": [1, 1, 15, 15], "texture": "#0"},
				"down": {"uv": [1, 1, 15, 15], "texture": "#0"}
			}
		},
		{
			"from": [9.01587, -0.0635, 6.85714],
			"to": [9.14287, 0, 7.74605],
			"faces": {
				"north": {"uv": [0, 0, 16, 0.95239], "texture": "#0"},
				"east": {"uv": [0, 0, 16, 0.87302], "texture": "#0"},
				"south": {"uv": [0, 0, 16, 1], "texture": "#0"},
				"west": {"uv": [0, 0, 16, 1], "texture": "#0"},
				"up": {"uv": [0, 0, 16, 1], "texture": "#0"},
				"down": {"uv": [0, 0, 16, 1], "texture": "#0"}
			}
		},
		{
			"from": [8, -0.0635, 6.85714],
			"to": [8.127, 0, 7.74605],
			"faces": {
				"north": {"uv": [0, 0, 16, 0.95239], "texture": "#0"},
				"east": {"uv": [0, 0, 16, 0.87302], "texture": "#0"},
				"south": {"uv": [0, 0, 16, 1], "texture": "#0"},
				"west": {"uv": [0, 0, 16, 1], "texture": "#0"},
				"up": {"uv": [0, 0, 16, 1], "texture": "#0"},
				"down": {"uv": [0, 0, 16, 1], "texture": "#0"}
			}
		},
		{
			"from": [8.12698, -0.0635, 6.73016],
			"to": [9.01589, 0, 6.85716],
			"faces": {
				"north": {"uv": [0, 0, 16, 0.95239], "texture": "#0"},
				"east": {"uv": [0, 0, 16, 0.87302], "texture": "#0"},
				"south": {"uv": [0, 0, 16, 1], "texture": "#0"},
				"west": {"uv": [0, 0, 16, 1], "texture": "#0"},
				"up": {"uv": [0, 0, 16, 1], "texture": "#0"},
				"down": {"uv": [0, 0, 16, 1], "texture": "#0"}
			}
		},
		{
			"from": [8.12698, -0.0635, 7.74603],
			"to": [9.01589, 0, 7.87303],
			"faces": {
				"north": {"uv": [0, 0, 16, 0.95239], "texture": "#0"},
				"east": {"uv": [0, 0, 16, 0.87302], "texture": "#0"},
				"south": {"uv": [0, 0, 16, 1], "texture": "#0"},
				"west": {"uv": [0, 0, 16, 1], "texture": "#0"},
				"up": {"uv": [0, 0, 16, 1], "texture": "#0"},
				"down": {"uv": [0, 0, 16, 1], "texture": "#0"}
			}
		}
	],
	"display": {
		"thirdperson_righthand": {
			"rotation": [0, -1, 0],
			"translation": [-2.75, 31, 4.75],
			"scale": [4, 4, 4]
		},
		"thirdperson_lefthand": {
			"rotation": [0, -1, 0],
			"translation": [2, 31, 4.75],
			"scale": [4, 4, 4]
		},
		"firstperson_righthand": {
			"translation": [0, -5.5, 1.75]
		},
		"firstperson_lefthand": {
			"translation": [0, -7, 0]
		},
		"ground": {
			"translation": [0, 26.5, 0],
			"scale": [4, 4, 4]
		},
		"gui": {
			"translation": [-2.25, 28.5, 0],
			"scale": [4, 4, 4]
		},
		"head": {
			"translation": [-2.25, 38.5, 3],
			"scale": [4, 4, 4]
		},
		"fixed": {
			"rotation": [-90, 0, 0],
			"translation": [-3.75, 2.75, -32.25],
			"scale": [4, 4, 4]
		}
	}
}