{
	"credit": "Made with Blockbench",
	"textures": {
		"1": "item/kakigoori"
	},
	"elements": [
		{
			"from": [8.50794, -0.12698, 8.25397],
			"to": [8.76206, 1.52397, 9.52397],
			"faces": {
				"north": {"uv": [0, 0, 1.14302, 16], "texture": "#1"},
				"east": {"uv": [0, 0, 1.27, 1.90492], "texture": "#1"},
				"south": {"uv": [0, 0, 1.14302, 15.36524], "texture": "#1"},
				"west": {"uv": [0, 0, 16, 16], "texture": "#1"},
				"up": {"uv": [0, 0, 0.25413, 1.27], "texture": "#1"},
				"down": {"uv": [0, 0, 0.25413, 1.27], "texture": "#1"}
			}
		},
		{
			"from": [9.77778, -0.12698, 8.25397],
			"to": [10.0319, 1.52397, 9.52397],
			"faces": {
				"north": {"uv": [0, 0, 2.53984, 16], "texture": "#1"},
				"east": {"uv": [0, 0, 16, 16], "texture": "#1"},
				"south": {"uv": [0, 0, 2.53984, 16], "texture": "#1"},
				"west": {"uv": [0, 0, 1.27, 1.90492], "texture": "#1"},
				"up": {"uv": [0, 0, 0.25413, 1.27], "texture": "#1"},
				"down": {"uv": [0, 0, 0.25413, 1.27], "texture": "#1"}
			}
		},
		{
			"from": [8.63476, -0.12698, 9.39683],
			"to": [9.90476, 1.52397, 9.65095],
			"faces": {
				"north": {"uv": [0, 0, 1.27, 1.90492], "texture": "#1"},
				"east": {"uv": [0, 0, 1.77794, 16], "texture": "#1"},
				"south": {"uv": [0, 0, 16, 16], "texture": "#1"},
				"west": {"uv": [0, 0, 1.77794, 16], "texture": "#1"},
				"up": {"uv": [0, 0, 0.25413, 1.27], "rotation": 90, "texture": "#1"},
				"down": {"uv": [0, 0, 0.25413, 1.27], "rotation": 270, "texture": "#1"}
			}
		},
		{
			"from": [8.63476, -0.12698, 8.12698],
			"to": [9.90476, 1.52397, 8.38111],
			"faces": {
				"north": {"uv": [0, 0, 16, 16], "texture": "#1"},
				"east": {"uv": [0, 0, 1.65079, 16], "texture": "#1"},
				"south": {"uv": [0, 0, 1.27, 1.90492], "texture": "#1"},
				"west": {"uv": [0, 0, 1.52381, 16], "texture": "#1"},
				"up": {"uv": [0, 0, 0.25413, 1.27], "rotation": 90, "texture": "#1"},
				"down": {"uv": [0, 0, 0.25413, 1.27], "rotation": 270, "texture": "#1"}
			}
		},
		{
			"from": [8.50778, 1.52381, 9.39683],
			"to": [10.03175, 1.77794, 9.77794],
			"faces": {
				"north": {"uv": [0, 0, 1.52397, 0.25413], "texture": "#1"},
				"east": {"uv": [0, 0, 0.38111, 0.25413], "texture": "#1"},
				"south": {"uv": [0, 0, 1.52397, 0.25413], "texture": "#1"},
				"west": {"uv": [0, 0, 0.38111, 0.25413], "texture": "#1"},
				"up": {"uv": [0, 0, 0.38111, 1.52397], "rotation": 90, "texture": "#1"},
				"down": {"uv": [0, 0, 0.38111, 1.52397], "rotation": 270, "texture": "#1"}
			}
		},
		{
			"from": [8.76175, 0.7619, 8.38095],
			"to": [9.77778, 2.0319, 9.39698],
			"faces": {
				"north": {"uv": [0, 0, 1.01603, 1.27], "texture": "#1"},
				"east": {"uv": [0, 0, 1.01603, 1.27], "texture": "#1"},
				"south": {"uv": [0, 0, 1.01603, 1.27], "texture": "#1"},
				"west": {"uv": [0, 0, 1.01603, 1.27], "texture": "#1"},
				"up": {"uv": [0, 0, 1.01603, 1.01603], "rotation": 90, "texture": "#1"},
				"down": {"uv": [0, 0, 1.01603, 1.01603], "rotation": 270, "texture": "#1"}
			}
		},
		{
			"from": [8.50778, 1.77778, 8.12698],
			"to": [10.03175, 2.0319, 9.65095],
			"faces": {
				"north": {"uv": [6.47619, 3.55556, 10.79381, 6.47635], "texture": "#1"},
				"east": {"uv": [6.60317, 3.04762, 9.90492, 6.0954], "texture": "#1"},
				"south": {"uv": [5.46032, 3.1746, 11.30175, 6.47635], "texture": "#1"},
				"west": {"uv": [6.60317, 4.19048, 10.28587, 6.47635], "texture": "#1"},
				"up": {"uv": [5.46032, 3.42857, 11.6827, 6.60333], "rotation": 90, "texture": "#1"},
				"down": {"uv": [6.47619, 3.55556, 10.0319, 6.0954], "rotation": 270, "texture": "#1"}
			}
		},
		{
			"from": [8.63476, 2.03175, 8.25397],
			"to": [9.90476, 2.66683, 9.52397],
			"faces": {
				"north": {"uv": [6.47619, 1.14286, 10.79381, 5.20651], "texture": "#1"},
				"east": {"uv": [6.60317, 3.04762, 9.90492, 6.0954], "texture": "#1"},
				"south": {"uv": [6.98413, 2.03175, 12.82556, 5.33349], "texture": "#1"},
				"west": {"uv": [4.95238, 3.30159, 8.63508, 5.58746], "texture": "#1"},
				"up": {"uv": [5.46032, 3.42857, 12.06365, 6.73032], "rotation": 90, "texture": "#1"},
				"down": {"uv": [6.47619, 3.55556, 10.0319, 6.0954], "rotation": 270, "texture": "#1"}
			}
		},
		{
			"from": [8.76175, 2.66667, 8.38095],
			"to": [9.77778, 2.92079, 9.39698],
			"faces": {
				"north": {"uv": [4.19048, 5.33333, 8.5081, 8.25413], "texture": "#1"},
				"east": {"uv": [8.88889, 3.55556, 12.19063, 6.60333], "texture": "#1"},
				"south": {"uv": [5.46032, 3.1746, 11.30175, 6.47635], "texture": "#1"},
				"west": {"uv": [4.57143, 5.07937, 8.25413, 7.36524], "texture": "#1"},
				"up": {"uv": [4.44444, 1.39683, 11.17476, 4.82556], "rotation": 90, "texture": "#1"},
				"down": {"uv": [6.47619, 3.55556, 10.0319, 6.0954], "rotation": 270, "texture": "#1"}
			}
		},
		{
			"from": [8.88873, 2.92063, 8.50794],
			"to": [9.65079, 3.17476, 9.27],
			"faces": {
				"north": {"uv": [6.47619, 3.55556, 10.79381, 6.47635], "texture": "#1"},
				"east": {"uv": [6.60317, 3.04762, 9.90492, 6.0954], "texture": "#1"},
				"south": {"uv": [5.46032, 3.1746, 11.30175, 6.47635], "texture": "#1"},
				"west": {"uv": [6.60317, 4.19048, 10.28587, 6.47635], "texture": "#1"},
				"up": {"uv": [5.46032, 3.42857, 11.80968, 6.34937], "rotation": 90, "texture": "#1"},
				"down": {"uv": [6.47619, 3.55556, 10.0319, 6.0954], "rotation": 270, "texture": "#1"}
			}
		},
		{
			"from": [8.50778, 1.52381, 8],
			"to": [10.03175, 1.77794, 8.38111],
			"faces": {
				"north": {"uv": [0, 0, 1.52397, 0.25413], "texture": "#1"},
				"east": {"uv": [0, 0, 0.38111, 0.25413], "texture": "#1"},
				"south": {"uv": [0, 0, 1.52397, 0.25413], "texture": "#1"},
				"west": {"uv": [0, 0, 0.38111, 0.25413], "texture": "#1"},
				"up": {"uv": [0, 0, 0.38111, 1.52397], "rotation": 90, "texture": "#1"},
				"down": {"uv": [0, 0, 0.38111, 1.52397], "rotation": 270, "texture": "#1"}
			}
		},
		{
			"from": [9.77762, 1.52381, 8.12683],
			"to": [10.15873, 1.77794, 9.65079],
			"faces": {
				"north": {"uv": [0, 0, 0.38111, 0.25413], "texture": "#1"},
				"east": {"uv": [0, 0, 1.52397, 0.25413], "texture": "#1"},
				"south": {"uv": [0, 0, 0.38111, 0.25413], "texture": "#1"},
				"west": {"uv": [0, 0, 1.52397, 0.25413], "texture": "#1"},
				"up": {"uv": [0, 0, 0.38111, 1.52397], "rotation": 180, "texture": "#1"},
				"down": {"uv": [0, 0, 0.38111, 1.52397], "rotation": 180, "texture": "#1"}
			}
		},
		{
			"from": [8.38079, 1.52381, 8.12683],
			"to": [8.7619, 1.77794, 9.65079],
			"faces": {
				"north": {"uv": [0, 0, 0.38111, 0.25413], "texture": "#1"},
				"east": {"uv": [0, 0, 1.52397, 0.25413], "texture": "#1"},
				"south": {"uv": [0, 0, 0.38111, 0.25413], "texture": "#1"},
				"west": {"uv": [0, 0, 1.52397, 0.25413], "texture": "#1"},
				"up": {"uv": [0, 0, 0.38111, 1.52397], "rotation": 180, "texture": "#1"},
				"down": {"uv": [0, 0, 0.38111, 1.52397], "rotation": 180, "texture": "#1"}
			}
		},
		{
			"from": [8.7619, 0, 8.38095],
			"to": [9.77794, 0.25413, 9.39698],
			"faces": {
				"north": {"uv": [0, 0, 1.01603, 0.25413], "texture": "#1"},
				"east": {"uv": [0, 0, 1.01603, 0.25413], "texture": "#1"},
				"south": {"uv": [0, 0, 1.01603, 0.25413], "texture": "#1"},
				"west": {"uv": [0, 0, 1.01603, 0.25413], "texture": "#1"},
				"up": {"uv": [0, 0, 1.01603, 1.01603], "texture": "#1"},
				"down": {"uv": [0, 0, 1.01603, 1.01603], "texture": "#1"}
			}
		}
	],
	"display": {
		"thirdperson_righthand": {
			"rotation": [59.25, 0, 0],
			"translation": [-2.5, 10, 12.75],
			"scale": [2, 2, 2]
		},
		"thirdperson_lefthand": {
			"rotation": [59.25, 0, 0],
			"translation": [2.5, 10, 12.75],
			"scale": [2, 2, 2]
		},
		"firstperson_righthand": {
			"translation": [1.25, 14.5, -1.25],
			"scale": [2, 2, 2]
		},
		"firstperson_lefthand": {
			"translation": [2.75, 14.5, -1.25],
			"scale": [2, 2, 2]
		},
		"ground": {
			"translation": [0, 12, 0],
			"scale": [2, 2, 2]
		},
		"gui": {
			"translation": [-5, 24.5, 0],
			"scale": [4, 4, 4]
		},
		"head": {
			"rotation": [0, 0, -157.75],
			"translation": [9.75, -10.5, -2.75],
			"scale": [4, 4, 4]
		},
		"fixed": {
			"translation": [-5, 28, -6.75],
			"scale": [4, 4, 4]
		}
	}
}