{
	"credit": "Made with Blockbench",
	"textures": {
		"1": "item/kakigoori",
		"2": "block/red_stained_glass",
		"particle": "block/red_stained_glass"
	},
	"elements": [
		{
			"from": [8.63476, -0.12698, 9.39683],
			"to": [9.90476, 1.52397, 9.65095],
			"faces": {
				"north": {"uv": [0, 0, 1.27, 1.90492], "texture": "#1"},
				"east": {"uv": [0, 0, 1.77794, 16], "texture": "#1"},
				"south": {"uv": [0, 0, 16, 16], "texture": "#1"},
				"west": {"uv": [0, 0, 1.77794, 16], "texture": "#1"},
				"up": {"uv": [0, 0, 0.25413, 1.27], "rotation": 90, "texture": "#1"},
				"down": {"uv": [0, 0, 0.25413, 1.27], "rotation": 270, "texture": "#1"}
			}
		},
		{
			"from": [8.63476, 2.15675, 8.25397],
			"to": [9.90476, 2.54183, 9.52397],
			"faces": {
				"north": {"uv": [7.10119, 6.26786, 11.41881, 10.33151], "texture": "#2"},
				"east": {"uv": [6.60317, 3.04762, 9.90492, 6.0954], "texture": "#2"},
				"south": {"uv": [6.98413, 2.03175, 12.82556, 5.33349], "texture": "#2"},
				"west": {"uv": [4.95238, 3.30159, 8.63508, 5.58746], "texture": "#2"},
				"up": {"uv": [5.46032, 3.42857, 12.06365, 6.73032], "rotation": 90, "texture": "#2"},
				"down": {"uv": [6.47619, 3.55556, 10.0319, 6.0954], "rotation": 270, "texture": "#2"}
			}
		},
		{
			"from": [8.50778, 1.77778, 8.12698],
			"to": [10.03175, 2.1569, 9.65095],
			"faces": {
				"north": {"uv": [6.97619, 3.93056, 8.91881, 5.72635], "texture": "#2"},
				"east": {"uv": [7.85317, 4.17262, 8.65492, 5.8454], "texture": "#2"},
				"south": {"uv": [5.46032, 3.1746, 11.30175, 6.47635], "texture": "#2"},
				"west": {"uv": [6.60317, 4.19048, 10.28587, 6.47635], "texture": "#2"},
				"up": {"uv": [7.21032, 3.05357, 8.8077, 5.47833], "rotation": 90, "texture": "#2"},
				"down": {"uv": [6.47619, 3.55556, 10.0319, 6.0954], "rotation": 270, "texture": "#2"}
			}
		},
		{
			"from": [9.77778, -0.12698, 8.25397],
			"to": [10.0319, 1.52397, 9.52397],
			"faces": {
				"north": {"uv": [0, 0, 2.53984, 16], "texture": "#1"},
				"east": {"uv": [0, 0, 16, 16], "texture": "#1"},
				"south": {"uv": [0, 0, 2.53984, 16], "texture": "#1"},
				"west": {"uv": [0, 0, 1.27, 1.90492], "texture": "#1"},
				"up": {"uv": [0, 0, 0.25413, 1.27], "texture": "#1"},
				"down": {"uv": [0, 0, 0.25413, 1.27], "texture": "#1"}
			}
		},
		{
			"from": [8.75976, 2.53175, 8.37897],
			"to": [9.77976, 2.91683, 9.39897],
			"faces": {
				"north": {"uv": [7.10119, 6.26786, 11.41881, 10.33151], "texture": "#2"},
				"east": {"uv": [6.60317, 3.04762, 9.90492, 6.0954], "texture": "#2"},
				"south": {"uv": [6.98413, 2.03175, 12.82556, 5.33349], "texture": "#2"},
				"west": {"uv": [4.95238, 3.30159, 8.63508, 5.58746], "texture": "#2"},
				"up": {"uv": [5.46032, 3.42857, 12.06365, 6.73032], "rotation": 90, "texture": "#2"},
				"down": {"uv": [6.47619, 3.55556, 10.0319, 6.0954], "rotation": 270, "texture": "#2"}
			}
		},
		{
			"from": [8.50778, 1.52381, 8],
			"to": [10.03175, 1.77794, 8.38111],
			"faces": {
				"north": {"uv": [0, 0, 1.52397, 0.25413], "texture": "#1"},
				"east": {"uv": [0, 0, 0.38111, 0.25413], "texture": "#1"},
				"south": {"uv": [0, 0, 1.52397, 0.25413], "texture": "#1"},
				"west": {"uv": [0, 0, 0.38111, 0.25413], "texture": "#1"},
				"up": {"uv": [0, 0, 0.38111, 1.52397], "rotation": 90, "texture": "#1"},
				"down": {"uv": [0, 0, 0.38111, 1.52397], "rotation": 270, "texture": "#1"}
			}
		},
		{
			"from": [8.50778, 1.52381, 9.39683],
			"to": [10.03175, 1.77794, 9.77794],
			"faces": {
				"north": {"uv": [0, 0, 1.52397, 0.25413], "texture": "#1"},
				"east": {"uv": [0, 0, 0.38111, 0.25413], "texture": "#1"},
				"south": {"uv": [0, 0, 1.52397, 0.25413], "texture": "#1"},
				"west": {"uv": [0, 0, 0.38111, 0.25413], "texture": "#1"},
				"up": {"uv": [0, 0, 0.38111, 1.52397], "rotation": 90, "texture": "#1"},
				"down": {"uv": [0, 0, 0.38111, 1.52397], "rotation": 270, "texture": "#1"}
			}
		},
		{
			"from": [8.7619, 0, 8.38095],
			"to": [9.77794, 0.25413, 9.39698],
			"faces": {
				"north": {"uv": [0, 0, 1.01603, 0.25413], "texture": "#1"},
				"east": {"uv": [0, 0, 1.01603, 0.25413], "texture": "#1"},
				"south": {"uv": [0, 0, 1.01603, 0.25413], "texture": "#1"},
				"west": {"uv": [0, 0, 1.01603, 0.25413], "texture": "#1"},
				"up": {"uv": [0, 0, 1.01603, 1.01603], "texture": "#1"},
				"down": {"uv": [0, 0, 1.01603, 1.01603], "texture": "#1"}
			}
		},
		{
			"from": [9.00976, 3.15675, 8.62897],
			"to": [9.52976, 3.41683, 9.14897],
			"faces": {
				"north": {"uv": [7.10119, 6.26786, 11.41881, 10.33151], "texture": "#2"},
				"east": {"uv": [6.60317, 3.04762, 9.90492, 6.0954], "texture": "#2"},
				"south": {"uv": [6.98413, 2.03175, 12.82556, 5.33349], "texture": "#2"},
				"west": {"uv": [4.95238, 3.30159, 8.63508, 5.58746], "texture": "#2"},
				"up": {"uv": [5.46032, 3.42857, 12.06365, 6.73032], "rotation": 90, "texture": "#2"},
				"down": {"uv": [6.47619, 3.55556, 10.0319, 6.0954], "rotation": 270, "texture": "#2"}
			}
		},
		{
			"from": [8.38079, 1.52381, 8.12683],
			"to": [8.7619, 1.77794, 9.65079],
			"faces": {
				"north": {"uv": [0, 0, 0.38111, 0.25413], "texture": "#1"},
				"east": {"uv": [0, 0, 1.52397, 0.25413], "texture": "#1"},
				"south": {"uv": [0, 0, 0.38111, 0.25413], "texture": "#1"},
				"west": {"uv": [0, 0, 1.52397, 0.25413], "texture": "#1"},
				"up": {"uv": [0, 0, 0.38111, 1.52397], "rotation": 180, "texture": "#1"},
				"down": {"uv": [0, 0, 0.38111, 1.52397], "rotation": 180, "texture": "#1"}
			}
		},
		{
			"from": [8.50794, -0.12698, 8.25397],
			"to": [8.76206, 1.52397, 9.52397],
			"faces": {
				"north": {"uv": [0, 0, 1.14302, 16], "texture": "#1"},
				"east": {"uv": [0, 0, 1.27, 1.90492], "texture": "#1"},
				"south": {"uv": [0, 0, 1.14302, 15.36524], "texture": "#1"},
				"west": {"uv": [0, 0, 16, 16], "texture": "#1"},
				"up": {"uv": [0, 0, 0.25413, 1.27], "texture": "#1"},
				"down": {"uv": [0, 0, 0.25413, 1.27], "texture": "#1"}
			}
		},
		{
			"from": [9.77762, 1.52381, 8.12683],
			"to": [10.15873, 1.77794, 9.65079],
			"faces": {
				"north": {"uv": [0, 0, 0.38111, 0.25413], "texture": "#1"},
				"east": {"uv": [0, 0, 1.52397, 0.25413], "texture": "#1"},
				"south": {"uv": [0, 0, 0.38111, 0.25413], "texture": "#1"},
				"west": {"uv": [0, 0, 1.52397, 0.25413], "texture": "#1"},
				"up": {"uv": [0, 0, 0.38111, 1.52397], "rotation": 180, "texture": "#1"},
				"down": {"uv": [0, 0, 0.38111, 1.52397], "rotation": 180, "texture": "#1"}
			}
		},
		{
			"from": [8.88476, 2.90675, 8.50397],
			"to": [9.65476, 3.16683, 9.27397],
			"faces": {
				"north": {"uv": [7.10119, 6.26786, 11.41881, 10.33151], "texture": "#2"},
				"east": {"uv": [6.60317, 3.04762, 9.90492, 6.0954], "texture": "#2"},
				"south": {"uv": [6.98413, 2.03175, 12.82556, 5.33349], "texture": "#2"},
				"west": {"uv": [4.95238, 3.30159, 8.63508, 5.58746], "texture": "#2"},
				"up": {"uv": [5.46032, 3.42857, 12.06365, 6.73032], "rotation": 90, "texture": "#2"},
				"down": {"uv": [6.47619, 3.55556, 10.0319, 6.0954], "rotation": 270, "texture": "#2"}
			}
		},
		{
			"from": [8.63476, -0.12698, 8.12698],
			"to": [9.90476, 1.52397, 8.38111],
			"faces": {
				"north": {"uv": [0, 0, 16, 16], "texture": "#1"},
				"east": {"uv": [0, 0, 1.65079, 16], "texture": "#1"},
				"south": {"uv": [0, 0, 1.27, 1.90492], "texture": "#1"},
				"west": {"uv": [0, 0, 1.52381, 16], "texture": "#1"},
				"up": {"uv": [0, 0, 0.25413, 1.27], "rotation": 90, "texture": "#1"},
				"down": {"uv": [0, 0, 0.25413, 1.27], "rotation": 270, "texture": "#1"}
			}
		}
	],
	"gui_light": "front",
	"display": {
		"thirdperson_righthand": {
			"rotation": [59.25, 0, 0],
			"translation": [-3.75, 15.25, 19.25],
			"scale": [3, 3, 3]
		},
		"thirdperson_lefthand": {
			"rotation": [59.25, 0, 0],
			"translation": [3.75, 15.25, 19.25],
			"scale": [3, 3, 3]
		},
		"firstperson_righthand": {
			"rotation": [-8, 0, 0],
			"translation": [1.75, 23, -4],
			"scale": [3, 3, 3]
		},
		"firstperson_lefthand": {
			"rotation": [-8, 0, 0],
			"translation": [6.75, 23, -4],
			"scale": [3, 3, 3]
		},
		"ground": {
			"translation": [0, 28.25, 0],
			"scale": [4, 4, 4]
		},
		"gui": {
			"rotation": [30.45, -64.9, 6.8],
			"translation": [0, 26, 0],
			"scale": [4, 4, 4]
		},
		"head": {
			"rotation": [0, 0, -157.75],
			"translation": [9.75, -10.5, -2.75],
			"scale": [4, 4, 4]
		},
		"fixed": {
			"rotation": [-90, 0, 0],
			"translation": [-5, -3.75, -32.5],
			"scale": [4, 4, 4]
		}
	},
	"groups": [
		{
			"name": "group",
			"origin": [8, 8, 8],
			"color": 0,
			"children": [0, 1, 2, 3, 4, 5, 6, 7, 8, 9, 10, 11, 12, 13]
		}
	]
}