{
	"credit": "Made with Blockbench",
	"parent": "item/handheld",
	"textures": {
		"layer0": "item/mahou_green"
	},
	"display": {
		"thirdperson_righthand": {
			"rotation": [15, -90, -45],
			"translation": [0, 5.75, 2.5],
			"scale": [1.2, 1.2, 1.2]
		},
		"thirdperson_lefthand": {
			"rotation": [15, 90, 45],
			"translation": [0, 5.75, 2.5],
			"scale": [1.2, 1.2, 1.2]
		},
		"firstperson_righthand": {
			"rotation": [-30, -90, -45],
			"translation": [0, 5.75, 2.5],
			"scale": [0.8, 0.8, 0.8]
		},
		"firstperson_lefthand": {
			"rotation": [20, 90, 0],
			"translation": [0, 5.75, 2.5],
			"scale": [0.8, 0.8, 0.8]
		},
		"ground": {
			"translation": [0, 3.5, 0]
		},
		"gui": {
			"scale": [1.2, 1.2, 1.2]
		},
		"head": {
			"rotation": [-180, 0, 93.5],
			"translation": [0, -15.25, 4.5]
		}
	}
}