{
	"credit": "Made with Blockbench",
	"parent": "minecraft:item/handheld",
	"textures": {
		"layer0": "item/MorningStar"
	},
	"display": {
		"thirdperson_righthand": {
			"rotation": [180, -88, -94.79],
			"translation": [0, 9, -8.5],
			"scale": [1.6, 1.6, 0.6]
		},
		"thirdperson_lefthand": {
			"rotation": [126, 88, 144],
			"translation": [0, 8.25, -9.5],
			"scale": [1.6, 1.6, 0.6]
		},
		"firstperson_righthand": {
			"rotation": [110, 85.5, -180],
			"translation": [10.75, -7, -18.25],
			"scale": [2, 2, 1]
		},
		"firstperson_lefthand": {
			"rotation": [-112.75, -83.5, -46.07],
			"translation": [7.25, -4, -14.5],
			"scale": [2, 2, 1]
		},
		"ground": {
			"translation": [0, 13.5, 0],
			"scale": [3, 3, 3]
		},
		"gui": {
			"scale": [2, 2, 2]
		},
		"head": {
			"rotation": [2.04, 0.28, -178.75],
			"translation": [0, -20, 4.75],
			"scale": [2, 2, 1]
		},
		"fixed": {
			"scale": [2, 2, 2]
		}
	}
}