{
	"credit": "Made with Blockbench",
	"parent": "item/handheld",
	"textures": {
		"layer0": "item/orange_knife"
	},
	"gui_light": "front",
	"display": {
		"thirdperson_righthand": {
			"rotation": [0, -90, -45],
			"translation": [0, 5.75, 1.25]
		},
		"thirdperson_lefthand": {
			"rotation": [0, 90, 45],
			"translation": [0, 5.75, 1.25]
		},
		"firstperson_righthand": {
			"rotation": [0, -90, -45],
			"translation": [0, 5.75, 1.25]
		},
		"firstperson_lefthand": {
			"rotation": [0, 90, 45],
			"translation": [0, 5.75, 1.25]
		},
		"ground": {
			"translation": [0, 1.75, 0]
		},
		"gui": {
			"translation": [1, -1, 0]
		},
		"head": {
			"rotation": [135, 90, 0],
			"translation": [0, 14.25, -0.5]
		},
		"fixed": {
			"translation": [1, -1, 0],
			"scale": [1.5, 1.5, 1.5]
		}
	}
}