{
	"credit": "Made with Blockbench",
	"textures": {
		"0": "16AC3889-4F22-4787-B393-A5442DFEAB2D",
		"particle": "16AC3889-4F22-4787-B393-A5442DFEAB2D"
	},
	"elements": [
		{
			"name": "16AC3889-4F22-4787-B393-A5442DFEAB2D_0",
			"from": [1.75, 9.125, 0],
			"to": [2, 10.75, 1.375],
			"faces": {
				"north": {"uv": [2, 5.25, 1.75, 6.875], "texture": "#0"},
				"east": {"uv": [1.875, 5.25, 2, 6.875], "texture": "#0"},
				"south": {"uv": [1.75, 5.25, 2, 6.875], "texture": "#0"},
				"west": {"uv": [1.75, 5.25, 1.875, 6.875], "texture": "#0"},
				"up": {"uv": [1.75, 5.25, 2, 5.375], "texture": "#0"},
				"down": {"uv": [1.75, 6.75, 2, 6.875], "texture": "#0"}
			}
		},
		{
			"name": "16AC3889-4F22-4787-B393-A5442DFEAB2D_1",
			"from": [2, 9.125, 0],
			"to": [2.25, 10.625, 1.375],
			"faces": {
				"north": {"uv": [2.25, 5.375, 2, 6.875], "texture": "#0"},
				"east": {"uv": [2.125, 5.375, 2.25, 6.875], "texture": "#0"},
				"south": {"uv": [2, 5.375, 2.25, 6.875], "texture": "#0"},
				"west": {"uv": [2, 5.375, 2.125, 6.875], "texture": "#0"},
				"up": {"uv": [2, 5.375, 2.25, 5.5], "texture": "#0"},
				"down": {"uv": [2, 6.75, 2.25, 6.875], "texture": "#0"}
			}
		},
		{
			"name": "16AC3889-4F22-4787-B393-A5442DFEAB2D_2",
			"from": [2.25, 9.125, 0],
			"to": [2.5, 10.5, 1.375],
			"faces": {
				"north": {"uv": [2.5, 5.5, 2.25, 6.875], "texture": "#0"},
				"east": {"uv": [2.375, 5.5, 2.5, 6.875], "texture": "#0"},
				"south": {"uv": [2.25, 5.5, 2.5, 6.875], "texture": "#0"},
				"west": {"uv": [2.25, 5.5, 2.375, 6.875], "texture": "#0"},
				"up": {"uv": [2.25, 5.5, 2.5, 5.625], "texture": "#0"},
				"down": {"uv": [2.25, 6.75, 2.5, 6.875], "texture": "#0"}
			}
		},
		{
			"name": "16AC3889-4F22-4787-B393-A5442DFEAB2D_3",
			"from": [13.25, 10.375, 0],
			"to": [13.5, 10.5, 1.375],
			"faces": {
				"north": {"uv": [13.5, 5.5, 13.25, 5.625], "texture": "#0"},
				"east": {"uv": [13.375, 5.5, 13.5, 5.625], "texture": "#0"},
				"south": {"uv": [13.25, 5.5, 13.5, 5.625], "texture": "#0"},
				"west": {"uv": [13.25, 5.5, 13.375, 5.625], "texture": "#0"},
				"up": {"uv": [13.25, 5.5, 13.5, 5.625], "texture": "#0"},
				"down": {"uv": [13.25, 5.5, 13.5, 5.625], "texture": "#0"}
			}
		},
		{
			"name": "16AC3889-4F22-4787-B393-A5442DFEAB2D_4",
			"from": [2.5, 9.125, 0],
			"to": [2.875, 10.375, 1.375],
			"faces": {
				"north": {"uv": [2.875, 5.625, 2.5, 6.875], "texture": "#0"},
				"east": {"uv": [2.75, 5.625, 2.875, 6.875], "texture": "#0"},
				"south": {"uv": [2.5, 5.625, 2.875, 6.875], "texture": "#0"},
				"west": {"uv": [2.5, 5.625, 2.625, 6.875], "texture": "#0"},
				"up": {"uv": [2.5, 5.625, 2.875, 5.75], "texture": "#0"},
				"down": {"uv": [2.5, 6.75, 2.875, 6.875], "texture": "#0"}
			}
		},
		{
			"name": "16AC3889-4F22-4787-B393-A5442DFEAB2D_5",
			"from": [8.5, 7.5, 0],
			"to": [11.875, 10.375, 1.375],
			"faces": {
				"north": {"uv": [11.875, 5.625, 8.5, 8.5], "texture": "#0"},
				"east": {"uv": [11.75, 5.625, 11.875, 8.5], "texture": "#0"},
				"south": {"uv": [8.5, 5.625, 11.875, 8.5], "texture": "#0"},
				"west": {"uv": [8.5, 5.625, 8.625, 8.5], "texture": "#0"},
				"up": {"uv": [8.5, 5.625, 11.875, 5.75], "texture": "#0"},
				"down": {"uv": [8.5, 8.375, 11.875, 8.5], "texture": "#0"}
			}
		},
		{
			"name": "16AC3889-4F22-4787-B393-A5442DFEAB2D_6",
			"from": [12.25, 6.25, 0],
			"to": [12.5, 10.375, 1.375],
			"faces": {
				"north": {"uv": [12.5, 5.625, 12.25, 9.75], "texture": "#0"},
				"east": {"uv": [12.375, 5.625, 12.5, 9.75], "texture": "#0"},
				"south": {"uv": [12.25, 5.625, 12.5, 9.75], "texture": "#0"},
				"west": {"uv": [12.25, 5.625, 12.375, 9.75], "texture": "#0"},
				"up": {"uv": [12.25, 5.625, 12.5, 5.75], "texture": "#0"},
				"down": {"uv": [12.25, 9.625, 12.5, 9.75], "texture": "#0"}
			}
		},
		{
			"name": "16AC3889-4F22-4787-B393-A5442DFEAB2D_7",
			"from": [13, 10.125, 0],
			"to": [13.25, 10.375, 1.375],
			"faces": {
				"north": {"uv": [13.25, 5.625, 13, 5.875], "texture": "#0"},
				"east": {"uv": [13.125, 5.625, 13.25, 5.875], "texture": "#0"},
				"south": {"uv": [13, 5.625, 13.25, 5.875], "texture": "#0"},
				"west": {"uv": [13, 5.625, 13.125, 5.875], "texture": "#0"},
				"up": {"uv": [13, 5.625, 13.25, 5.75], "texture": "#0"},
				"down": {"uv": [13, 5.75, 13.25, 5.875], "texture": "#0"}
			}
		},
		{
			"name": "16AC3889-4F22-4787-B393-A5442DFEAB2D_8",
			"from": [13.25, 10.25, 0],
			"to": [13.375, 10.375, 1.375],
			"faces": {
				"north": {"uv": [13.375, 5.625, 13.25, 5.75], "texture": "#0"},
				"east": {"uv": [13.25, 5.625, 13.375, 5.75], "texture": "#0"},
				"south": {"uv": [13.25, 5.625, 13.375, 5.75], "texture": "#0"},
				"west": {"uv": [13.25, 5.625, 13.375, 5.75], "texture": "#0"},
				"up": {"uv": [13.25, 5.625, 13.375, 5.75], "texture": "#0"},
				"down": {"uv": [13.25, 5.625, 13.375, 5.75], "texture": "#0"}
			}
		},
		{
			"name": "16AC3889-4F22-4787-B393-A5442DFEAB2D_9",
			"from": [2.875, 9.125, 0],
			"to": [8.5, 10.25, 1.375],
			"faces": {
				"north": {"uv": [8.5, 5.75, 2.875, 6.875], "texture": "#0"},
				"east": {"uv": [8.375, 5.75, 8.5, 6.875], "texture": "#0"},
				"south": {"uv": [2.875, 5.75, 8.5, 6.875], "texture": "#0"},
				"west": {"uv": [2.875, 5.75, 3, 6.875], "texture": "#0"},
				"up": {"uv": [2.875, 5.75, 8.5, 5.875], "texture": "#0"},
				"down": {"uv": [2.875, 6.75, 8.5, 6.875], "texture": "#0"}
			}
		},
		{
			"name": "16AC3889-4F22-4787-B393-A5442DFEAB2D_10",
			"from": [11.875, 6.875, 0],
			"to": [12.25, 10.25, 1.375],
			"faces": {
				"north": {"uv": [12.25, 5.75, 11.875, 9.125], "texture": "#0"},
				"east": {"uv": [12.125, 5.75, 12.25, 9.125], "texture": "#0"},
				"south": {"uv": [11.875, 5.75, 12.25, 9.125], "texture": "#0"},
				"west": {"uv": [11.875, 5.75, 12, 9.125], "texture": "#0"},
				"up": {"uv": [11.875, 5.75, 12.25, 5.875], "texture": "#0"},
				"down": {"uv": [11.875, 9, 12.25, 9.125], "texture": "#0"}
			}
		},
		{
			"name": "16AC3889-4F22-4787-B393-A5442DFEAB2D_11",
			"from": [12.5, 3.625, 0],
			"to": [12.625, 10.25, 1.375],
			"faces": {
				"north": {"uv": [12.625, 5.75, 12.5, 12.375], "texture": "#0"},
				"east": {"uv": [12.5, 5.75, 12.625, 12.375], "texture": "#0"},
				"south": {"uv": [12.5, 5.75, 12.625, 12.375], "texture": "#0"},
				"west": {"uv": [12.5, 5.75, 12.625, 12.375], "texture": "#0"},
				"up": {"uv": [12.5, 5.75, 12.625, 5.875], "texture": "#0"},
				"down": {"uv": [12.5, 12.25, 12.625, 12.375], "texture": "#0"}
			}
		},
		{
			"name": "16AC3889-4F22-4787-B393-A5442DFEAB2D_12",
			"from": [12.875, 3.5, 0],
			"to": [13, 10.25, 1.375],
			"faces": {
				"north": {"uv": [13, 5.75, 12.875, 12.5], "texture": "#0"},
				"east": {"uv": [12.875, 5.75, 13, 12.5], "texture": "#0"},
				"south": {"uv": [12.875, 5.75, 13, 12.5], "texture": "#0"},
				"west": {"uv": [12.875, 5.75, 13, 12.5], "texture": "#0"},
				"up": {"uv": [12.875, 5.75, 13, 5.875], "texture": "#0"},
				"down": {"uv": [12.875, 12.375, 13, 12.5], "texture": "#0"}
			}
		},
		{
			"name": "16AC3889-4F22-4787-B393-A5442DFEAB2D_13",
			"from": [1.625, 9.125, 0],
			"to": [1.75, 10.125, 1.375],
			"faces": {
				"north": {"uv": [1.75, 5.875, 1.625, 6.875], "texture": "#0"},
				"east": {"uv": [1.625, 5.875, 1.75, 6.875], "texture": "#0"},
				"south": {"uv": [1.625, 5.875, 1.75, 6.875], "texture": "#0"},
				"west": {"uv": [1.625, 5.875, 1.75, 6.875], "texture": "#0"},
				"up": {"uv": [1.625, 5.875, 1.75, 6], "texture": "#0"},
				"down": {"uv": [1.625, 6.75, 1.75, 6.875], "texture": "#0"}
			}
		},
		{
			"name": "16AC3889-4F22-4787-B393-A5442DFEAB2D_14",
			"from": [12.625, 3.625, 0],
			"to": [12.875, 10.125, 1.375],
			"faces": {
				"north": {"uv": [12.875, 5.875, 12.625, 12.375], "texture": "#0"},
				"east": {"uv": [12.75, 5.875, 12.875, 12.375], "texture": "#0"},
				"south": {"uv": [12.625, 5.875, 12.875, 12.375], "texture": "#0"},
				"west": {"uv": [12.625, 5.875, 12.75, 12.375], "texture": "#0"},
				"up": {"uv": [12.625, 5.875, 12.875, 6], "texture": "#0"},
				"down": {"uv": [12.625, 12.25, 12.875, 12.375], "texture": "#0"}
			}
		},
		{
			"name": "16AC3889-4F22-4787-B393-A5442DFEAB2D_15",
			"from": [13, 3.375, 0],
			"to": [13.125, 10.125, 1.375],
			"faces": {
				"north": {"uv": [13.125, 5.875, 13, 12.625], "texture": "#0"},
				"east": {"uv": [13, 5.875, 13.125, 12.625], "texture": "#0"},
				"south": {"uv": [13, 5.875, 13.125, 12.625], "texture": "#0"},
				"west": {"uv": [13, 5.875, 13.125, 12.625], "texture": "#0"},
				"up": {"uv": [13, 5.875, 13.125, 6], "texture": "#0"},
				"down": {"uv": [13, 12.5, 13.125, 12.625], "texture": "#0"}
			}
		},
		{
			"name": "16AC3889-4F22-4787-B393-A5442DFEAB2D_16",
			"from": [13.125, 3.375, 0],
			"to": [13.25, 9.875, 1.375],
			"faces": {
				"north": {"uv": [13.25, 6.125, 13.125, 12.625], "texture": "#0"},
				"east": {"uv": [13.125, 6.125, 13.25, 12.625], "texture": "#0"},
				"south": {"uv": [13.125, 6.125, 13.25, 12.625], "texture": "#0"},
				"west": {"uv": [13.125, 6.125, 13.25, 12.625], "texture": "#0"},
				"up": {"uv": [13.125, 6.125, 13.25, 6.25], "texture": "#0"},
				"down": {"uv": [13.125, 12.5, 13.25, 12.625], "texture": "#0"}
			}
		},
		{
			"name": "16AC3889-4F22-4787-B393-A5442DFEAB2D_17",
			"from": [1.5, 9.25, 0],
			"to": [1.625, 9.75, 1.375],
			"faces": {
				"north": {"uv": [1.625, 6.25, 1.5, 6.75], "texture": "#0"},
				"east": {"uv": [1.5, 6.25, 1.625, 6.75], "texture": "#0"},
				"south": {"uv": [1.5, 6.25, 1.625, 6.75], "texture": "#0"},
				"west": {"uv": [1.5, 6.25, 1.625, 6.75], "texture": "#0"},
				"up": {"uv": [1.5, 6.25, 1.625, 6.375], "texture": "#0"},
				"down": {"uv": [1.5, 6.625, 1.625, 6.75], "texture": "#0"}
			}
		},
		{
			"name": "16AC3889-4F22-4787-B393-A5442DFEAB2D_18",
			"from": [13.25, 9.25, 0],
			"to": [13.625, 9.75, 1.375],
			"faces": {
				"north": {"uv": [13.625, 6.25, 13.25, 6.75], "texture": "#0"},
				"east": {"uv": [13.5, 6.25, 13.625, 6.75], "texture": "#0"},
				"south": {"uv": [13.25, 6.25, 13.625, 6.75], "texture": "#0"},
				"west": {"uv": [13.25, 6.25, 13.375, 6.75], "texture": "#0"},
				"up": {"uv": [13.25, 6.25, 13.625, 6.375], "texture": "#0"},
				"down": {"uv": [13.25, 6.625, 13.625, 6.75], "texture": "#0"}
			}
		},
		{
			"name": "16AC3889-4F22-4787-B393-A5442DFEAB2D_19",
			"from": [13.25, 3.25, 0],
			"to": [13.5, 9.25, 1.375],
			"faces": {
				"north": {"uv": [13.5, 6.75, 13.25, 12.75], "texture": "#0"},
				"east": {"uv": [13.375, 6.75, 13.5, 12.75], "texture": "#0"},
				"south": {"uv": [13.25, 6.75, 13.5, 12.75], "texture": "#0"},
				"west": {"uv": [13.25, 6.75, 13.375, 12.75], "texture": "#0"},
				"up": {"uv": [13.25, 6.75, 13.5, 6.875], "texture": "#0"},
				"down": {"uv": [13.25, 12.625, 13.5, 12.75], "texture": "#0"}
			}
		},
		{
			"name": "16AC3889-4F22-4787-B393-A5442DFEAB2D_20",
			"from": [4.5, 9, 0],
			"to": [8.5, 9.125, 1.375],
			"faces": {
				"north": {"uv": [8.5, 6.875, 4.5, 7], "texture": "#0"},
				"east": {"uv": [8.375, 6.875, 8.5, 7], "texture": "#0"},
				"south": {"uv": [4.5, 6.875, 8.5, 7], "texture": "#0"},
				"west": {"uv": [4.5, 6.875, 4.625, 7], "texture": "#0"},
				"up": {"uv": [4.5, 6.875, 8.5, 7], "texture": "#0"},
				"down": {"uv": [4.5, 6.875, 8.5, 7], "texture": "#0"}
			}
		},
		{
			"name": "16AC3889-4F22-4787-B393-A5442DFEAB2D_21",
			"from": [4.625, 8.75, 0],
			"to": [8.5, 9, 1.375],
			"faces": {
				"north": {"uv": [8.5, 7, 4.625, 7.25], "texture": "#0"},
				"east": {"uv": [8.375, 7, 8.5, 7.25], "texture": "#0"},
				"south": {"uv": [4.625, 7, 8.5, 7.25], "texture": "#0"},
				"west": {"uv": [4.625, 7, 4.75, 7.25], "texture": "#0"},
				"up": {"uv": [4.625, 7, 8.5, 7.125], "texture": "#0"},
				"down": {"uv": [4.625, 7.125, 8.5, 7.25], "texture": "#0"}
			}
		},
		{
			"name": "16AC3889-4F22-4787-B393-A5442DFEAB2D_22",
			"from": [4.75, 8.5, 0],
			"to": [8.5, 8.75, 1.375],
			"faces": {
				"north": {"uv": [8.5, 7.25, 4.75, 7.5], "texture": "#0"},
				"east": {"uv": [8.375, 7.25, 8.5, 7.5], "texture": "#0"},
				"south": {"uv": [4.75, 7.25, 8.5, 7.5], "texture": "#0"},
				"west": {"uv": [4.75, 7.25, 4.875, 7.5], "texture": "#0"},
				"up": {"uv": [4.75, 7.25, 8.5, 7.375], "texture": "#0"},
				"down": {"uv": [4.75, 7.375, 8.5, 7.5], "texture": "#0"}
			}
		},
		{
			"name": "16AC3889-4F22-4787-B393-A5442DFEAB2D_23",
			"from": [7.875, 8.375, 0],
			"to": [8.5, 8.5, 1.375],
			"faces": {
				"north": {"uv": [8.5, 7.5, 7.875, 7.625], "texture": "#0"},
				"east": {"uv": [8.375, 7.5, 8.5, 7.625], "texture": "#0"},
				"south": {"uv": [7.875, 7.5, 8.5, 7.625], "texture": "#0"},
				"west": {"uv": [7.875, 7.5, 8, 7.625], "texture": "#0"},
				"up": {"uv": [7.875, 7.5, 8.5, 7.625], "texture": "#0"},
				"down": {"uv": [7.875, 7.5, 8.5, 7.625], "texture": "#0"}
			}
		},
		{
			"name": "16AC3889-4F22-4787-B393-A5442DFEAB2D_24",
			"from": [13.5, 3.25, 0],
			"to": [13.625, 8.5, 1.375],
			"faces": {
				"north": {"uv": [13.625, 7.5, 13.5, 12.75], "texture": "#0"},
				"east": {"uv": [13.5, 7.5, 13.625, 12.75], "texture": "#0"},
				"south": {"uv": [13.5, 7.5, 13.625, 12.75], "texture": "#0"},
				"west": {"uv": [13.5, 7.5, 13.625, 12.75], "texture": "#0"},
				"up": {"uv": [13.5, 7.5, 13.625, 7.625], "texture": "#0"},
				"down": {"uv": [13.5, 12.625, 13.625, 12.75], "texture": "#0"}
			}
		},
		{
			"name": "16AC3889-4F22-4787-B393-A5442DFEAB2D_25",
			"from": [8, 8.125, 0],
			"to": [8.5, 8.375, 1.375],
			"faces": {
				"north": {"uv": [8.5, 7.625, 8, 7.875], "texture": "#0"},
				"east": {"uv": [8.375, 7.625, 8.5, 7.875], "texture": "#0"},
				"south": {"uv": [8, 7.625, 8.5, 7.875], "texture": "#0"},
				"west": {"uv": [8, 7.625, 8.125, 7.875], "texture": "#0"},
				"up": {"uv": [8, 7.625, 8.5, 7.75], "texture": "#0"},
				"down": {"uv": [8, 7.75, 8.5, 7.875], "texture": "#0"}
			}
		},
		{
			"name": "16AC3889-4F22-4787-B393-A5442DFEAB2D_26",
			"from": [13.625, 3.375, 0],
			"to": [13.75, 8.375, 1.375],
			"faces": {
				"north": {"uv": [13.75, 7.625, 13.625, 12.625], "texture": "#0"},
				"east": {"uv": [13.625, 7.625, 13.75, 12.625], "texture": "#0"},
				"south": {"uv": [13.625, 7.625, 13.75, 12.625], "texture": "#0"},
				"west": {"uv": [13.625, 7.625, 13.75, 12.625], "texture": "#0"},
				"up": {"uv": [13.625, 7.625, 13.75, 7.75], "texture": "#0"},
				"down": {"uv": [13.625, 12.5, 13.75, 12.625], "texture": "#0"}
			}
		},
		{
			"name": "16AC3889-4F22-4787-B393-A5442DFEAB2D_27",
			"from": [13.75, 3.375, 0],
			"to": [13.875, 8.25, 1.375],
			"faces": {
				"north": {"uv": [13.875, 7.75, 13.75, 12.625], "texture": "#0"},
				"east": {"uv": [13.75, 7.75, 13.875, 12.625], "texture": "#0"},
				"south": {"uv": [13.75, 7.75, 13.875, 12.625], "texture": "#0"},
				"west": {"uv": [13.75, 7.75, 13.875, 12.625], "texture": "#0"},
				"up": {"uv": [13.75, 7.75, 13.875, 7.875], "texture": "#0"},
				"down": {"uv": [13.75, 12.5, 13.875, 12.625], "texture": "#0"}
			}
		},
		{
			"name": "16AC3889-4F22-4787-B393-A5442DFEAB2D_28",
			"from": [8.125, 7.5, 0],
			"to": [8.5, 8.125, 1.375],
			"faces": {
				"north": {"uv": [8.5, 7.875, 8.125, 8.5], "texture": "#0"},
				"east": {"uv": [8.375, 7.875, 8.5, 8.5], "texture": "#0"},
				"south": {"uv": [8.125, 7.875, 8.5, 8.5], "texture": "#0"},
				"west": {"uv": [8.125, 7.875, 8.25, 8.5], "texture": "#0"},
				"up": {"uv": [8.125, 7.875, 8.5, 8], "texture": "#0"},
				"down": {"uv": [8.125, 8.375, 8.5, 8.5], "texture": "#0"}
			}
		},
		{
			"name": "16AC3889-4F22-4787-B393-A5442DFEAB2D_29",
			"from": [13.875, 3.375, 0],
			"to": [14, 8, 1.375],
			"faces": {
				"north": {"uv": [14, 8, 13.875, 12.625], "texture": "#0"},
				"east": {"uv": [13.875, 8, 14, 12.625], "texture": "#0"},
				"south": {"uv": [13.875, 8, 14, 12.625], "texture": "#0"},
				"west": {"uv": [13.875, 8, 14, 12.625], "texture": "#0"},
				"up": {"uv": [13.875, 8, 14, 8.125], "texture": "#0"},
				"down": {"uv": [13.875, 12.5, 14, 12.625], "texture": "#0"}
			}
		},
		{
			"name": "16AC3889-4F22-4787-B393-A5442DFEAB2D_30",
			"from": [14, 3.375, 0],
			"to": [14.125, 7.75, 1.375],
			"faces": {
				"north": {"uv": [14.125, 8.25, 14, 12.625], "texture": "#0"},
				"east": {"uv": [14, 8.25, 14.125, 12.625], "texture": "#0"},
				"south": {"uv": [14, 8.25, 14.125, 12.625], "texture": "#0"},
				"west": {"uv": [14, 8.25, 14.125, 12.625], "texture": "#0"},
				"up": {"uv": [14, 8.25, 14.125, 8.375], "texture": "#0"},
				"down": {"uv": [14, 12.5, 14.125, 12.625], "texture": "#0"}
			}
		},
		{
			"name": "16AC3889-4F22-4787-B393-A5442DFEAB2D_31",
			"from": [8.875, 7.375, 0],
			"to": [11.875, 7.5, 1.375],
			"faces": {
				"north": {"uv": [11.875, 8.5, 8.875, 8.625], "texture": "#0"},
				"east": {"uv": [11.75, 8.5, 11.875, 8.625], "texture": "#0"},
				"south": {"uv": [8.875, 8.5, 11.875, 8.625], "texture": "#0"},
				"west": {"uv": [8.875, 8.5, 9, 8.625], "texture": "#0"},
				"up": {"uv": [8.875, 8.5, 11.875, 8.625], "texture": "#0"},
				"down": {"uv": [8.875, 8.5, 11.875, 8.625], "texture": "#0"}
			}
		},
		{
			"name": "16AC3889-4F22-4787-B393-A5442DFEAB2D_32",
			"from": [14.125, 3.5, 0],
			"to": [14.25, 7.5, 1.375],
			"faces": {
				"north": {"uv": [14.25, 8.5, 14.125, 12.5], "texture": "#0"},
				"east": {"uv": [14.125, 8.5, 14.25, 12.5], "texture": "#0"},
				"south": {"uv": [14.125, 8.5, 14.25, 12.5], "texture": "#0"},
				"west": {"uv": [14.125, 8.5, 14.25, 12.5], "texture": "#0"},
				"up": {"uv": [14.125, 8.5, 14.25, 8.625], "texture": "#0"},
				"down": {"uv": [14.125, 12.375, 14.25, 12.5], "texture": "#0"}
			}
		},
		{
			"name": "16AC3889-4F22-4787-B393-A5442DFEAB2D_33",
			"from": [9.25, 7.25, 0],
			"to": [9.875, 7.375, 1.375],
			"faces": {
				"north": {"uv": [9.875, 8.625, 9.25, 8.75], "texture": "#0"},
				"east": {"uv": [9.75, 8.625, 9.875, 8.75], "texture": "#0"},
				"south": {"uv": [9.25, 8.625, 9.875, 8.75], "texture": "#0"},
				"west": {"uv": [9.25, 8.625, 9.375, 8.75], "texture": "#0"},
				"up": {"uv": [9.25, 8.625, 9.875, 8.75], "texture": "#0"},
				"down": {"uv": [9.25, 8.625, 9.875, 8.75], "texture": "#0"}
			}
		},
		{
			"name": "16AC3889-4F22-4787-B393-A5442DFEAB2D_34",
			"from": [10, 7.25, 0],
			"to": [11.875, 7.375, 1.375],
			"faces": {
				"north": {"uv": [11.875, 8.625, 10, 8.75], "texture": "#0"},
				"east": {"uv": [11.75, 8.625, 11.875, 8.75], "texture": "#0"},
				"south": {"uv": [10, 8.625, 11.875, 8.75], "texture": "#0"},
				"west": {"uv": [10, 8.625, 10.125, 8.75], "texture": "#0"},
				"up": {"uv": [10, 8.625, 11.875, 8.75], "texture": "#0"},
				"down": {"uv": [10, 8.625, 11.875, 8.75], "texture": "#0"}
			}
		},
		{
			"name": "16AC3889-4F22-4787-B393-A5442DFEAB2D_35",
			"from": [9.375, 7.125, 0],
			"to": [9.625, 7.25, 1.375],
			"faces": {
				"north": {"uv": [9.625, 8.75, 9.375, 8.875], "texture": "#0"},
				"east": {"uv": [9.5, 8.75, 9.625, 8.875], "texture": "#0"},
				"south": {"uv": [9.375, 8.75, 9.625, 8.875], "texture": "#0"},
				"west": {"uv": [9.375, 8.75, 9.5, 8.875], "texture": "#0"},
				"up": {"uv": [9.375, 8.75, 9.625, 8.875], "texture": "#0"},
				"down": {"uv": [9.375, 8.75, 9.625, 8.875], "texture": "#0"}
			}
		},
		{
			"name": "16AC3889-4F22-4787-B393-A5442DFEAB2D_36",
			"from": [10.125, 6.875, 0],
			"to": [10.375, 7.25, 1.375],
			"faces": {
				"north": {"uv": [10.375, 8.75, 10.125, 9.125], "texture": "#0"},
				"east": {"uv": [10.25, 8.75, 10.375, 9.125], "texture": "#0"},
				"south": {"uv": [10.125, 8.75, 10.375, 9.125], "texture": "#0"},
				"west": {"uv": [10.125, 8.75, 10.25, 9.125], "texture": "#0"},
				"up": {"uv": [10.125, 8.75, 10.375, 8.875], "texture": "#0"},
				"down": {"uv": [10.125, 9, 10.375, 9.125], "texture": "#0"}
			}
		},
		{
			"name": "16AC3889-4F22-4787-B393-A5442DFEAB2D_37",
			"from": [10.375, 7.125, 0],
			"to": [11.25, 7.25, 1.375],
			"faces": {
				"north": {"uv": [11.25, 8.75, 10.375, 8.875], "texture": "#0"},
				"east": {"uv": [11.125, 8.75, 11.25, 8.875], "texture": "#0"},
				"south": {"uv": [10.375, 8.75, 11.25, 8.875], "texture": "#0"},
				"west": {"uv": [10.375, 8.75, 10.5, 8.875], "texture": "#0"},
				"up": {"uv": [10.375, 8.75, 11.25, 8.875], "texture": "#0"},
				"down": {"uv": [10.375, 8.75, 11.25, 8.875], "texture": "#0"}
			}
		},
		{
			"name": "16AC3889-4F22-4787-B393-A5442DFEAB2D_38",
			"from": [14.25, 3.5, 0],
			"to": [14.375, 7.25, 1.375],
			"faces": {
				"north": {"uv": [14.375, 8.75, 14.25, 12.5], "texture": "#0"},
				"east": {"uv": [14.25, 8.75, 14.375, 12.5], "texture": "#0"},
				"south": {"uv": [14.25, 8.75, 14.375, 12.5], "texture": "#0"},
				"west": {"uv": [14.25, 8.75, 14.375, 12.5], "texture": "#0"},
				"up": {"uv": [14.25, 8.75, 14.375, 8.875], "texture": "#0"},
				"down": {"uv": [14.25, 12.375, 14.375, 12.5], "texture": "#0"}
			}
		},
		{
			"name": "16AC3889-4F22-4787-B393-A5442DFEAB2D_39",
			"from": [9.375, 6.25, 0],
			"to": [9.5, 7.125, 1.375],
			"faces": {
				"north": {"uv": [9.5, 8.875, 9.375, 9.75], "texture": "#0"},
				"east": {"uv": [9.375, 8.875, 9.5, 9.75], "texture": "#0"},
				"south": {"uv": [9.375, 8.875, 9.5, 9.75], "texture": "#0"},
				"west": {"uv": [9.375, 8.875, 9.5, 9.75], "texture": "#0"},
				"up": {"uv": [9.375, 8.875, 9.5, 9], "texture": "#0"},
				"down": {"uv": [9.375, 9.625, 9.5, 9.75], "texture": "#0"}
			}
		},
		{
			"name": "16AC3889-4F22-4787-B393-A5442DFEAB2D_40",
			"from": [11.125, 6.875, 0],
			"to": [11.25, 7.125, 1.375],
			"faces": {
				"north": {"uv": [11.25, 8.875, 11.125, 9.125], "texture": "#0"},
				"east": {"uv": [11.125, 8.875, 11.25, 9.125], "texture": "#0"},
				"south": {"uv": [11.125, 8.875, 11.25, 9.125], "texture": "#0"},
				"west": {"uv": [11.125, 8.875, 11.25, 9.125], "texture": "#0"},
				"up": {"uv": [11.125, 8.875, 11.25, 9], "texture": "#0"},
				"down": {"uv": [11.125, 9, 11.25, 9.125], "texture": "#0"}
			}
		},
		{
			"name": "16AC3889-4F22-4787-B393-A5442DFEAB2D_41",
			"from": [10.375, 6.5, 0],
			"to": [10.5, 7, 1.375],
			"faces": {
				"north": {"uv": [10.5, 9, 10.375, 9.5], "texture": "#0"},
				"east": {"uv": [10.375, 9, 10.5, 9.5], "texture": "#0"},
				"south": {"uv": [10.375, 9, 10.5, 9.5], "texture": "#0"},
				"west": {"uv": [10.375, 9, 10.5, 9.5], "texture": "#0"},
				"up": {"uv": [10.375, 9, 10.5, 9.125], "texture": "#0"},
				"down": {"uv": [10.375, 9.375, 10.5, 9.5], "texture": "#0"}
			}
		},
		{
			"name": "16AC3889-4F22-4787-B393-A5442DFEAB2D_42",
			"from": [11.25, 6.375, 0],
			"to": [11.375, 7, 1.375],
			"faces": {
				"north": {"uv": [11.375, 9, 11.25, 9.625], "texture": "#0"},
				"east": {"uv": [11.25, 9, 11.375, 9.625], "texture": "#0"},
				"south": {"uv": [11.25, 9, 11.375, 9.625], "texture": "#0"},
				"west": {"uv": [11.25, 9, 11.375, 9.625], "texture": "#0"},
				"up": {"uv": [11.25, 9, 11.375, 9.125], "texture": "#0"},
				"down": {"uv": [11.25, 9.5, 11.375, 9.625], "texture": "#0"}
			}
		},
		{
			"name": "16AC3889-4F22-4787-B393-A5442DFEAB2D_43",
			"from": [14.375, 3.5, 0],
			"to": [14.5, 7, 1.375],
			"faces": {
				"north": {"uv": [14.5, 9, 14.375, 12.5], "texture": "#0"},
				"east": {"uv": [14.375, 9, 14.5, 12.5], "texture": "#0"},
				"south": {"uv": [14.375, 9, 14.5, 12.5], "texture": "#0"},
				"west": {"uv": [14.375, 9, 14.5, 12.5], "texture": "#0"},
				"up": {"uv": [14.375, 9, 14.5, 9.125], "texture": "#0"},
				"down": {"uv": [14.375, 12.375, 14.5, 12.5], "texture": "#0"}
			}
		},
		{
			"name": "16AC3889-4F22-4787-B393-A5442DFEAB2D_44",
			"from": [10.25, 6.25, 0],
			"to": [10.375, 6.875, 1.375],
			"faces": {
				"north": {"uv": [10.375, 9.125, 10.25, 9.75], "texture": "#0"},
				"east": {"uv": [10.25, 9.125, 10.375, 9.75], "texture": "#0"},
				"south": {"uv": [10.25, 9.125, 10.375, 9.75], "texture": "#0"},
				"west": {"uv": [10.25, 9.125, 10.375, 9.75], "texture": "#0"},
				"up": {"uv": [10.25, 9.125, 10.375, 9.25], "texture": "#0"},
				"down": {"uv": [10.25, 9.625, 10.375, 9.75], "texture": "#0"}
			}
		},
		{
			"name": "16AC3889-4F22-4787-B393-A5442DFEAB2D_45",
			"from": [12, 6.75, 0],
			"to": [12.25, 6.875, 1.375],
			"faces": {
				"north": {"uv": [12.25, 9.125, 12, 9.25], "texture": "#0"},
				"east": {"uv": [12.125, 9.125, 12.25, 9.25], "texture": "#0"},
				"south": {"uv": [12, 9.125, 12.25, 9.25], "texture": "#0"},
				"west": {"uv": [12, 9.125, 12.125, 9.25], "texture": "#0"},
				"up": {"uv": [12, 9.125, 12.25, 9.25], "texture": "#0"},
				"down": {"uv": [12, 9.125, 12.25, 9.25], "texture": "#0"}
			}
		},
		{
			"name": "16AC3889-4F22-4787-B393-A5442DFEAB2D_46",
			"from": [12.125, 6.625, 0],
			"to": [12.25, 6.75, 1.375],
			"faces": {
				"north": {"uv": [12.25, 9.25, 12.125, 9.375], "texture": "#0"},
				"east": {"uv": [12.125, 9.25, 12.25, 9.375], "texture": "#0"},
				"south": {"uv": [12.125, 9.25, 12.25, 9.375], "texture": "#0"},
				"west": {"uv": [12.125, 9.25, 12.25, 9.375], "texture": "#0"},
				"up": {"uv": [12.125, 9.25, 12.25, 9.375], "texture": "#0"},
				"down": {"uv": [12.125, 9.25, 12.25, 9.375], "texture": "#0"}
			}
		},
		{
			"name": "16AC3889-4F22-4787-B393-A5442DFEAB2D_47",
			"from": [14.5, 3.5, 0],
			"to": [14.625, 6.625, 1.375],
			"faces": {
				"north": {"uv": [14.625, 9.375, 14.5, 12.5], "texture": "#0"},
				"east": {"uv": [14.5, 9.375, 14.625, 12.5], "texture": "#0"},
				"south": {"uv": [14.5, 9.375, 14.625, 12.5], "texture": "#0"},
				"west": {"uv": [14.5, 9.375, 14.625, 12.5], "texture": "#0"},
				"up": {"uv": [14.5, 9.375, 14.625, 9.5], "texture": "#0"},
				"down": {"uv": [14.5, 12.375, 14.625, 12.5], "texture": "#0"}
			}
		},
		{
			"name": "16AC3889-4F22-4787-B393-A5442DFEAB2D_48",
			"from": [10.125, 6.25, 0],
			"to": [10.25, 6.375, 1.375],
			"faces": {
				"north": {"uv": [10.25, 9.625, 10.125, 9.75], "texture": "#0"},
				"east": {"uv": [10.125, 9.625, 10.25, 9.75], "texture": "#0"},
				"south": {"uv": [10.125, 9.625, 10.25, 9.75], "texture": "#0"},
				"west": {"uv": [10.125, 9.625, 10.25, 9.75], "texture": "#0"},
				"up": {"uv": [10.125, 9.625, 10.25, 9.75], "texture": "#0"},
				"down": {"uv": [10.125, 9.625, 10.25, 9.75], "texture": "#0"}
			}
		},
		{
			"name": "16AC3889-4F22-4787-B393-A5442DFEAB2D_49",
			"from": [11.125, 6, 0],
			"to": [11.25, 6.375, 1.375],
			"faces": {
				"north": {"uv": [11.25, 9.625, 11.125, 10], "texture": "#0"},
				"east": {"uv": [11.125, 9.625, 11.25, 10], "texture": "#0"},
				"south": {"uv": [11.125, 9.625, 11.25, 10], "texture": "#0"},
				"west": {"uv": [11.125, 9.625, 11.25, 10], "texture": "#0"},
				"up": {"uv": [11.125, 9.625, 11.25, 9.75], "texture": "#0"},
				"down": {"uv": [11.125, 9.875, 11.25, 10], "texture": "#0"}
			}
		},
		{
			"name": "16AC3889-4F22-4787-B393-A5442DFEAB2D_50",
			"from": [9.5, 6.125, 0],
			"to": [9.75, 6.25, 1.375],
			"faces": {
				"north": {"uv": [9.75, 9.75, 9.5, 9.875], "texture": "#0"},
				"east": {"uv": [9.625, 9.75, 9.75, 9.875], "texture": "#0"},
				"south": {"uv": [9.5, 9.75, 9.75, 9.875], "texture": "#0"},
				"west": {"uv": [9.5, 9.75, 9.625, 9.875], "texture": "#0"},
				"up": {"uv": [9.5, 9.75, 9.75, 9.875], "texture": "#0"},
				"down": {"uv": [9.5, 9.75, 9.75, 9.875], "texture": "#0"}
			}
		},
		{
			"name": "16AC3889-4F22-4787-B393-A5442DFEAB2D_51",
			"from": [12.375, 3.75, 0],
			"to": [12.5, 6.25, 1.375],
			"faces": {
				"north": {"uv": [12.5, 9.75, 12.375, 12.25], "texture": "#0"},
				"east": {"uv": [12.375, 9.75, 12.5, 12.25], "texture": "#0"},
				"south": {"uv": [12.375, 9.75, 12.5, 12.25], "texture": "#0"},
				"west": {"uv": [12.375, 9.75, 12.5, 12.25], "texture": "#0"},
				"up": {"uv": [12.375, 9.75, 12.5, 9.875], "texture": "#0"},
				"down": {"uv": [12.375, 12.125, 12.5, 12.25], "texture": "#0"}
			}
		},
		{
			"name": "16AC3889-4F22-4787-B393-A5442DFEAB2D_52",
			"from": [9.625, 6, 0],
			"to": [10.5, 6.125, 1.375],
			"faces": {
				"north": {"uv": [10.5, 9.875, 9.625, 10], "texture": "#0"},
				"east": {"uv": [10.375, 9.875, 10.5, 10], "texture": "#0"},
				"south": {"uv": [9.625, 9.875, 10.5, 10], "texture": "#0"},
				"west": {"uv": [9.625, 9.875, 9.75, 10], "texture": "#0"},
				"up": {"uv": [9.625, 9.875, 10.5, 10], "texture": "#0"},
				"down": {"uv": [9.625, 9.875, 10.5, 10], "texture": "#0"}
			}
		},
		{
			"name": "16AC3889-4F22-4787-B393-A5442DFEAB2D_53",
			"from": [10.875, 6, 0],
			"to": [11.125, 6.125, 1.375],
			"faces": {
				"north": {"uv": [11.125, 9.875, 10.875, 10], "texture": "#0"},
				"east": {"uv": [11, 9.875, 11.125, 10], "texture": "#0"},
				"south": {"uv": [10.875, 9.875, 11.125, 10], "texture": "#0"},
				"west": {"uv": [10.875, 9.875, 11, 10], "texture": "#0"},
				"up": {"uv": [10.875, 9.875, 11.125, 10], "texture": "#0"},
				"down": {"uv": [10.875, 9.875, 11.125, 10], "texture": "#0"}
			}
		},
		{
			"name": "16AC3889-4F22-4787-B393-A5442DFEAB2D_54",
			"from": [14.625, 3.625, 0],
			"to": [14.75, 6.125, 1.375],
			"faces": {
				"north": {"uv": [14.75, 9.875, 14.625, 12.375], "texture": "#0"},
				"east": {"uv": [14.625, 9.875, 14.75, 12.375], "texture": "#0"},
				"south": {"uv": [14.625, 9.875, 14.75, 12.375], "texture": "#0"},
				"west": {"uv": [14.625, 9.875, 14.75, 12.375], "texture": "#0"},
				"up": {"uv": [14.625, 9.875, 14.75, 10], "texture": "#0"},
				"down": {"uv": [14.625, 12.25, 14.75, 12.375], "texture": "#0"}
			}
		},
		{
			"name": "16AC3889-4F22-4787-B393-A5442DFEAB2D_55",
			"from": [10.375, 5.875, 0],
			"to": [11, 6, 1.375],
			"faces": {
				"north": {"uv": [11, 10, 10.375, 10.125], "texture": "#0"},
				"east": {"uv": [10.875, 10, 11, 10.125], "texture": "#0"},
				"south": {"uv": [10.375, 10, 11, 10.125], "texture": "#0"},
				"west": {"uv": [10.375, 10, 10.5, 10.125], "texture": "#0"},
				"up": {"uv": [10.375, 10, 11, 10.125], "texture": "#0"},
				"down": {"uv": [10.375, 10, 11, 10.125], "texture": "#0"}
			}
		},
		{
			"name": "16AC3889-4F22-4787-B393-A5442DFEAB2D_56",
			"from": [14.75, 3.625, 0],
			"to": [14.875, 5.5, 1.375],
			"faces": {
				"north": {"uv": [14.875, 10.5, 14.75, 12.375], "texture": "#0"},
				"east": {"uv": [14.75, 10.5, 14.875, 12.375], "texture": "#0"},
				"south": {"uv": [14.75, 10.5, 14.875, 12.375], "texture": "#0"},
				"west": {"uv": [14.75, 10.5, 14.875, 12.375], "texture": "#0"},
				"up": {"uv": [14.75, 10.5, 14.875, 10.625], "texture": "#0"},
				"down": {"uv": [14.75, 12.25, 14.875, 12.375], "texture": "#0"}
			}
		},
		{
			"name": "16AC3889-4F22-4787-B393-A5442DFEAB2D_57",
			"from": [14.875, 3.625, 0],
			"to": [15, 4.375, 1.375],
			"faces": {
				"north": {"uv": [15, 11.625, 14.875, 12.375], "texture": "#0"},
				"east": {"uv": [14.875, 11.625, 15, 12.375], "texture": "#0"},
				"south": {"uv": [14.875, 11.625, 15, 12.375], "texture": "#0"},
				"west": {"uv": [14.875, 11.625, 15, 12.375], "texture": "#0"},
				"up": {"uv": [14.875, 11.625, 15, 11.75], "texture": "#0"},
				"down": {"uv": [14.875, 12.25, 15, 12.375], "texture": "#0"}
			}
		},
		{
			"name": "16AC3889-4F22-4787-B393-A5442DFEAB2D_58",
			"from": [12.25, 3.75, 0],
			"to": [12.375, 4.25, 1.375],
			"faces": {
				"north": {"uv": [12.375, 11.75, 12.25, 12.25], "texture": "#0"},
				"east": {"uv": [12.25, 11.75, 12.375, 12.25], "texture": "#0"},
				"south": {"uv": [12.25, 11.75, 12.375, 12.25], "texture": "#0"},
				"west": {"uv": [12.25, 11.75, 12.375, 12.25], "texture": "#0"},
				"up": {"uv": [12.25, 11.75, 12.375, 11.875], "texture": "#0"},
				"down": {"uv": [12.25, 12.125, 12.375, 12.25], "texture": "#0"}
			}
		},
		{
			"name": "16AC3889-4F22-4787-B393-A5442DFEAB2D_59",
			"from": [15, 3.75, 0],
			"to": [15.125, 4.25, 1.375],
			"faces": {
				"north": {"uv": [15.125, 11.75, 15, 12.25], "texture": "#0"},
				"east": {"uv": [15, 11.75, 15.125, 12.25], "texture": "#0"},
				"south": {"uv": [15, 11.75, 15.125, 12.25], "texture": "#0"},
				"west": {"uv": [15, 11.75, 15.125, 12.25], "texture": "#0"},
				"up": {"uv": [15, 11.75, 15.125, 11.875], "texture": "#0"},
				"down": {"uv": [15, 12.125, 15.125, 12.25], "texture": "#0"}
			}
		},
		{
			"name": "16AC3889-4F22-4787-B393-A5442DFEAB2D_60",
			"from": [12.75, 3.5, 0],
			"to": [12.875, 3.625, 1.375],
			"faces": {
				"north": {"uv": [12.875, 12.375, 12.75, 12.5], "texture": "#0"},
				"east": {"uv": [12.75, 12.375, 12.875, 12.5], "texture": "#0"},
				"south": {"uv": [12.75, 12.375, 12.875, 12.5], "texture": "#0"},
				"west": {"uv": [12.75, 12.375, 12.875, 12.5], "texture": "#0"},
				"up": {"uv": [12.75, 12.375, 12.875, 12.5], "texture": "#0"},
				"down": {"uv": [12.75, 12.375, 12.875, 12.5], "texture": "#0"}
			}
		}
	],
	"display": {
		"thirdperson_righthand": {
			"rotation": [-80, -90, -86],
			"translation": [-6, 1, -1.25],
			"scale": [0.8, 0.8, 0.8]
		},
		"thirdperson_lefthand": {
			"rotation": [-80, 90, 82],
			"translation": [6, 1, -1.25],
			"scale": [0.8, 0.8, 0.8]
		},
		"firstperson_righthand": {
			"rotation": [0, -90, 0],
			"translation": [-6, 4, 0],
			"scale": [0.8, 0.8, 0.8]
		},
		"firstperson_lefthand": {
			"rotation": [0, 90, 0],
			"translation": [6, 4, 0],
			"scale": [0.8, 0.8, 0.8]
		},
		"ground": {
			"translation": [0, 3, 9.5],
			"scale": [1.27, 1.27, 1.27]
		},
		"gui": {
			"scale": [1.1, 1.1, 1.1]
		},
		"fixed": {
			"translation": [0, 0, 8.75],
			"scale": [1.15, 1.15, 1.15]
		}
	},
	"groups": [
		{
			"name": "16AC3889-4F22-4787-B393-A5442DFEAB2D",
			"origin": [8, 8, 8],
			"color": 0,
			"children": [
				0,
				1,
				2,
				3,
				4,
				5,
				6,
				7,
				8,
				9,
				10,
				11,
				12,
				13,
				14,
				15,
				16,
				17,
				18,
				19,
				20,
				21,
				22,
				23,
				24,
				25,
				26,
				27,
				28,
				29,
				30,
				31,
				32,
				33,
				34,
				35,
				36,
				37,
				38,
				39,
				40,
				41,
				42,
				43,
				44,
				45,
				46,
				47,
				48,
				49,
				50,
				51,
				52,
				53,
				54,
				55,
				56,
				57,
				58,
				59,
				60
			]
		}
	]
}