{
	"credit": "Made with Blockbench",
	"textures": {
		"0": "item/senpuuki",
		"1": "block/light_gray_stained_glass",
		"2": "block/blue_stained_glass",
		"particle": "senpuuki"
	},
	"elements": [
		{
			"from": [1.25, 2.625, 1.625],
			"to": [9.25, 3.125, 11.625],
			"faces": {
				"north": {"uv": [0, 0, 8, 0.5], "texture": "#0"},
				"east": {"uv": [0, 0, 10, 0.5], "texture": "#0"},
				"south": {"uv": [0, 0, 8, 0.5], "texture": "#0"},
				"west": {"uv": [0, 0, 10, 0.5], "texture": "#0"},
				"up": {"uv": [0, 0, 16, 16], "texture": "#0"},
				"down": {"uv": [0, 0, 8, 10], "texture": "#0"}
			}
		},
		{
			"from": [3.25, 3.125, 8.5],
			"to": [3.75, 3.5, 10.375],
			"faces": {
				"north": {"uv": [4.25, 12.25, 4.75, 12.625], "texture": "#0"},
				"east": {"uv": [3.5, 12, 5.125, 12.375], "texture": "#0"},
				"south": {"uv": [4.875, 12, 5.375, 12.375], "texture": "#0"},
				"west": {"uv": [3.625, 12.875, 5.25, 13.25], "texture": "#0"},
				"up": {"uv": [4.25, 11.25, 4.75, 12.875], "texture": "#0"},
				"down": {"uv": [4.375, 11.25, 4.875, 12.875], "texture": "#0"}
			}
		},
		{
			"from": [3.375, 10.5, 1.875],
			"to": [7.25, 13.875, 7.875],
			"faces": {
				"north": {"uv": [0, 0, 1, 11.875], "texture": "#0"},
				"east": {"uv": [0, 0, 1, 12], "texture": "#0"},
				"south": {"uv": [0, 0, 1, 11.875], "texture": "#0"},
				"west": {"uv": [0, 0, 0.875, 11.875], "texture": "#0"},
				"up": {"uv": [0, 0, 1.5, 1.25], "texture": "#0"},
				"down": {"uv": [0, 0, 1.5, 1.25], "texture": "#0"}
			}
		},
		{
			"from": [5.125, 11.875, 7.75],
			"to": [5.625, 12.375, 11.125],
			"faces": {
				"north": {"uv": [3.375, 11.25, 5.625, 13.75], "texture": "#0"},
				"east": {"uv": [3.25, 11.625, 5.125, 13.375], "texture": "#0"},
				"south": {"uv": [3.5, 11.5, 5.75, 13.625], "texture": "#0"},
				"west": {"uv": [3.75, 11.5, 5.375, 13.5], "texture": "#0"},
				"up": {"uv": [3.75, 11.625, 5.25, 12.875], "texture": "#0"},
				"down": {"uv": [3.625, 11.75, 5.125, 13], "texture": "#0"}
			}
		},
		{
			"from": [4.25, 12.375, 10.25],
			"to": [5.75, 15.25, 10.375],
			"faces": {
				"north": {"uv": [3.375, 11.25, 5.625, 13.75], "texture": "#2"},
				"east": {"uv": [3.25, 11.625, 5.125, 13.375], "texture": "#2"},
				"south": {"uv": [3.5, 11.5, 5.75, 13.625], "texture": "#2"},
				"west": {"uv": [3.75, 11.5, 5.375, 13.5], "texture": "#2"},
				"up": {"uv": [3.75, 11.625, 5.25, 12.875], "texture": "#2"},
				"down": {"uv": [3.625, 11.75, 5.125, 13], "texture": "#2"}
			}
		},
		{
			"from": [5.125, 9, 10.25],
			"to": [6.625, 11.875, 10.375],
			"faces": {
				"north": {"uv": [3.375, 11.25, 5.625, 13.75], "texture": "#2"},
				"east": {"uv": [3.25, 11.625, 5.125, 13.375], "texture": "#2"},
				"south": {"uv": [3.5, 11.5, 5.75, 13.625], "texture": "#2"},
				"west": {"uv": [3.75, 11.5, 5.375, 13.5], "texture": "#2"},
				"up": {"uv": [3.75, 11.625, 5.25, 12.875], "texture": "#2"},
				"down": {"uv": [3.625, 11.75, 5.125, 13], "texture": "#2"}
			}
		},
		{
			"from": [5.625, 11.875, 10.25],
			"to": [8.875, 13.375, 10.375],
			"faces": {
				"north": {"uv": [3.375, 11.25, 5.625, 13.75], "rotation": 270, "texture": "#2"},
				"east": {"uv": [3.75, 11.625, 5.25, 12.875], "rotation": 90, "texture": "#2"},
				"south": {"uv": [3.5, 11.5, 5.75, 13.625], "rotation": 90, "texture": "#2"},
				"west": {"uv": [3.625, 11.75, 5.125, 13], "rotation": 90, "texture": "#2"},
				"up": {"uv": [3.75, 11.5, 5.375, 13.5], "rotation": 90, "texture": "#2"},
				"down": {"uv": [3.25, 11.625, 5.125, 13.375], "rotation": 90, "texture": "#2"}
			}
		},
		{
			"from": [2.5, 11, 10.25],
			"to": [5.75, 12.5, 10.375],
			"faces": {
				"north": {"uv": [3.375, 11.25, 5.625, 13.75], "rotation": 270, "texture": "#2"},
				"east": {"uv": [3.75, 11.625, 5.25, 12.875], "rotation": 90, "texture": "#2"},
				"south": {"uv": [3.5, 11.5, 5.75, 13.625], "rotation": 90, "texture": "#2"},
				"west": {"uv": [3.625, 11.75, 5.125, 13], "rotation": 90, "texture": "#2"},
				"up": {"uv": [3.75, 11.5, 5.375, 13.5], "rotation": 90, "texture": "#2"},
				"down": {"uv": [3.25, 11.625, 5.125, 13.375], "rotation": 90, "texture": "#2"}
			}
		},
		{
			"from": [3.875, 10.875, 12.625],
			"to": [6.5, 13.5, 13.375],
			"faces": {
				"north": {"uv": [0, 0, 1, 11.875], "texture": "#0"},
				"east": {"uv": [0, 0, 1, 12], "texture": "#0"},
				"south": {"uv": [0, 0, 1, 11.875], "texture": "#0"},
				"west": {"uv": [0, 0, 0.875, 11.875], "texture": "#0"},
				"up": {"uv": [0, 0, 1.5, 1.25], "texture": "#0"},
				"down": {"uv": [0, 0, 1.5, 1.25], "texture": "#0"}
			}
		},
		{
			"from": [5.125, 12.75, -2],
			"to": [5.625, 13.25, 1.5],
			"rotation": {"angle": 45, "axis": "x", "origin": [0, 0, 0]},
			"faces": {
				"north": {"uv": [0, 0, 1, 11.875], "texture": "#1"},
				"east": {"uv": [0, 0, 1, 12], "texture": "#1"},
				"south": {"uv": [0, 0, 1, 11.875], "texture": "#1"},
				"west": {"uv": [0, 0, 0.875, 11.875], "texture": "#1"},
				"up": {"uv": [3.5, 10.375, 5, 11.625], "texture": "#1"},
				"down": {"uv": [4, 5.875, 5.5, 7.125], "texture": "#1"}
			}
		},
		{
			"from": [5.125, 18.75, -4.375],
			"to": [5.625, 19.25, -0.375],
			"rotation": {"angle": 45, "axis": "x", "origin": [0, 0, 0]},
			"faces": {
				"north": {"uv": [0, 0, 1, 11.875], "texture": "#1"},
				"east": {"uv": [0, 0, 1, 12], "texture": "#1"},
				"south": {"uv": [0, 0, 1, 11.875], "texture": "#1"},
				"west": {"uv": [0, 0, 0.875, 11.875], "texture": "#1"},
				"up": {"uv": [3.5, 10.375, 5, 11.625], "texture": "#1"},
				"down": {"uv": [4, 5.875, 5.5, 7.125], "texture": "#1"}
			}
		},
		{
			"from": [5.125, 3.875, 15.25],
			"to": [5.625, 4.375, 18.75],
			"rotation": {"angle": -45, "axis": "x", "origin": [0, 0, 0]},
			"faces": {
				"north": {"uv": [0, 0, 1, 11.875], "texture": "#1"},
				"east": {"uv": [0, 0, 1, 12], "texture": "#1"},
				"south": {"uv": [0, 0, 1, 11.875], "texture": "#1"},
				"west": {"uv": [0, 0, 0.875, 11.875], "texture": "#1"},
				"up": {"uv": [3.5, 10.375, 5, 11.625], "texture": "#1"},
				"down": {"uv": [4, 5.875, 5.5, 7.125], "texture": "#1"}
			}
		},
		{
			"from": [5.125, -2, 12.75],
			"to": [5.625, -1.5, 17],
			"rotation": {"angle": -45, "axis": "x", "origin": [0, 0, 0]},
			"faces": {
				"north": {"uv": [0, 0, 1, 11.875], "texture": "#1"},
				"east": {"uv": [0, 0, 1, 12], "texture": "#1"},
				"south": {"uv": [0, 0, 1, 11.875], "texture": "#1"},
				"west": {"uv": [0, 0, 0.875, 11.875], "texture": "#1"},
				"up": {"uv": [3.5, 10.375, 5, 11.625], "texture": "#1"},
				"down": {"uv": [4, 5.875, 5.5, 7.125], "texture": "#1"}
			}
		},
		{
			"from": [7.875, 11.875, 3],
			"to": [8.375, 12.375, 6.5],
			"rotation": {"angle": -45, "axis": "y", "origin": [0, 0, 0]},
			"faces": {
				"north": {"uv": [0, 0, 1, 11.875], "texture": "#1"},
				"east": {"uv": [0, 0, 1, 12], "texture": "#1"},
				"south": {"uv": [0, 0, 1, 11.875], "texture": "#1"},
				"west": {"uv": [0, 0, 0.875, 11.875], "texture": "#1"},
				"up": {"uv": [3.5, 10.375, 5, 11.625], "texture": "#1"},
				"down": {"uv": [4, 5.875, 5.5, 7.125], "texture": "#1"}
			}
		},
		{
			"from": [14, 11.875, 0.375],
			"to": [14.5, 12.375, 4.375],
			"rotation": {"angle": -45, "axis": "y", "origin": [0, 0, 0]},
			"faces": {
				"north": {"uv": [0, 0, 1, 11.875], "texture": "#1"},
				"east": {"uv": [0, 0, 1, 12], "texture": "#1"},
				"south": {"uv": [0, 0, 1, 11.875], "texture": "#1"},
				"west": {"uv": [0, 0, 0.875, 11.875], "texture": "#1"},
				"up": {"uv": [3.5, 10.375, 5, 11.625], "texture": "#1"},
				"down": {"uv": [4, 5.875, 5.5, 7.125], "texture": "#1"}
			}
		},
		{
			"from": [-0.875, 11.875, 10.5],
			"to": [-0.375, 12.375, 14],
			"rotation": {"angle": 45, "axis": "y", "origin": [0, 0, 0]},
			"faces": {
				"north": {"uv": [0, 0, 1, 11.875], "texture": "#1"},
				"east": {"uv": [0, 0, 1, 12], "texture": "#1"},
				"south": {"uv": [0, 0, 1, 11.875], "texture": "#1"},
				"west": {"uv": [0, 0, 0.875, 11.875], "texture": "#1"},
				"up": {"uv": [3.5, 10.375, 5, 11.625], "texture": "#1"},
				"down": {"uv": [4, 5.875, 5.5, 7.125], "texture": "#1"}
			}
		},
		{
			"from": [7, 13.625, 7.875],
			"to": [7.5, 14.125, 8.375],
			"faces": {
				"north": {"uv": [0, 0, 1, 11.875], "texture": "#1"},
				"east": {"uv": [0, 0, 1, 12], "texture": "#1"},
				"south": {"uv": [0, 0, 1, 11.875], "texture": "#1"},
				"west": {"uv": [0, 0, 0.875, 11.875], "texture": "#1"},
				"up": {"uv": [3.5, 10.375, 5, 11.625], "texture": "#1"},
				"down": {"uv": [4, 5.875, 5.5, 7.125], "texture": "#1"}
			}
		},
		{
			"from": [7, 10.125, 7.875],
			"to": [7.5, 10.625, 8.375],
			"faces": {
				"north": {"uv": [0, 0, 1, 11.875], "texture": "#1"},
				"east": {"uv": [0, 0, 1, 12], "texture": "#1"},
				"south": {"uv": [0, 0, 1, 11.875], "texture": "#1"},
				"west": {"uv": [0, 0, 0.875, 11.875], "texture": "#1"},
				"up": {"uv": [3.5, 10.375, 5, 11.625], "texture": "#1"},
				"down": {"uv": [4, 5.875, 5.5, 7.125], "texture": "#1"}
			}
		},
		{
			"from": [3, 10.125, 7.875],
			"to": [3.5, 10.625, 8.375],
			"faces": {
				"north": {"uv": [0, 0, 1, 11.875], "texture": "#1"},
				"east": {"uv": [0, 0, 1, 12], "texture": "#1"},
				"south": {"uv": [0, 0, 1, 11.875], "texture": "#1"},
				"west": {"uv": [0, 0, 0.875, 11.875], "texture": "#1"},
				"up": {"uv": [3.5, 10.375, 5, 11.625], "texture": "#1"},
				"down": {"uv": [4, 5.875, 5.5, 7.125], "texture": "#1"}
			}
		},
		{
			"from": [7, 13.625, 12.875],
			"to": [7.5, 14.125, 13.375],
			"faces": {
				"north": {"uv": [0, 0, 1, 11.875], "texture": "#1"},
				"east": {"uv": [0, 0, 1, 12], "texture": "#1"},
				"south": {"uv": [0, 0, 1, 11.875], "texture": "#1"},
				"west": {"uv": [0, 0, 0.875, 11.875], "texture": "#1"},
				"up": {"uv": [3.5, 10.375, 5, 11.625], "texture": "#1"},
				"down": {"uv": [4, 5.875, 5.5, 7.125], "texture": "#1"}
			}
		},
		{
			"from": [7, 10.125, 12.875],
			"to": [7.5, 10.625, 13.375],
			"faces": {
				"north": {"uv": [0, 0, 1, 11.875], "texture": "#1"},
				"east": {"uv": [0, 0, 1, 12], "texture": "#1"},
				"south": {"uv": [0, 0, 1, 11.875], "texture": "#1"},
				"west": {"uv": [0, 0, 0.875, 11.875], "texture": "#1"},
				"up": {"uv": [3.5, 10.375, 5, 11.625], "texture": "#1"},
				"down": {"uv": [4, 5.875, 5.5, 7.125], "texture": "#1"}
			}
		},
		{
			"from": [6.5, 10.625, 12.875],
			"to": [7, 11.125, 13.375],
			"faces": {
				"north": {"uv": [0, 0, 1, 11.875], "texture": "#1"},
				"east": {"uv": [0, 0, 1, 12], "texture": "#1"},
				"south": {"uv": [0, 0, 1, 11.875], "texture": "#1"},
				"west": {"uv": [0, 0, 0.875, 11.875], "texture": "#1"},
				"up": {"uv": [3.5, 10.375, 5, 11.625], "texture": "#1"},
				"down": {"uv": [4, 5.875, 5.5, 7.125], "texture": "#1"}
			}
		},
		{
			"from": [6.5, 13.125, 12.875],
			"to": [7, 13.625, 13.375],
			"faces": {
				"north": {"uv": [0, 0, 1, 11.875], "texture": "#1"},
				"east": {"uv": [0, 0, 1, 12], "texture": "#1"},
				"south": {"uv": [0, 0, 1, 11.875], "texture": "#1"},
				"west": {"uv": [0, 0, 0.875, 11.875], "texture": "#1"},
				"up": {"uv": [3.5, 10.375, 5, 11.625], "texture": "#1"},
				"down": {"uv": [4, 5.875, 5.5, 7.125], "texture": "#1"}
			}
		},
		{
			"from": [3.375, 13.125, 12.875],
			"to": [3.875, 13.625, 13.375],
			"faces": {
				"north": {"uv": [0, 0, 1, 11.875], "texture": "#1"},
				"east": {"uv": [0, 0, 1, 12], "texture": "#1"},
				"south": {"uv": [0, 0, 1, 11.875], "texture": "#1"},
				"west": {"uv": [0, 0, 0.875, 11.875], "texture": "#1"},
				"up": {"uv": [3.5, 10.375, 5, 11.625], "texture": "#1"},
				"down": {"uv": [4, 5.875, 5.5, 7.125], "texture": "#1"}
			}
		},
		{
			"from": [3.375, 10.625, 12.875],
			"to": [3.875, 11.125, 13.375],
			"faces": {
				"north": {"uv": [0, 0, 1, 11.875], "texture": "#1"},
				"east": {"uv": [0, 0, 1, 12], "texture": "#1"},
				"south": {"uv": [0, 0, 1, 11.875], "texture": "#1"},
				"west": {"uv": [0, 0, 0.875, 11.875], "texture": "#1"},
				"up": {"uv": [3.5, 10.375, 5, 11.625], "texture": "#1"},
				"down": {"uv": [4, 5.875, 5.5, 7.125], "texture": "#1"}
			}
		},
		{
			"from": [3, 10.125, 12.875],
			"to": [3.5, 10.625, 13.375],
			"faces": {
				"north": {"uv": [0, 0, 1, 11.875], "texture": "#1"},
				"east": {"uv": [0, 0, 1, 12], "texture": "#1"},
				"south": {"uv": [0, 0, 1, 11.875], "texture": "#1"},
				"west": {"uv": [0, 0, 0.875, 11.875], "texture": "#1"},
				"up": {"uv": [3.5, 10.375, 5, 11.625], "texture": "#1"},
				"down": {"uv": [4, 5.875, 5.5, 7.125], "texture": "#1"}
			}
		},
		{
			"from": [2.875, 13.625, 12.875],
			"to": [3.375, 14.125, 13.375],
			"faces": {
				"north": {"uv": [0, 0, 1, 11.875], "texture": "#1"},
				"east": {"uv": [0, 0, 1, 12], "texture": "#1"},
				"south": {"uv": [0, 0, 1, 11.875], "texture": "#1"},
				"west": {"uv": [0, 0, 0.875, 11.875], "texture": "#1"},
				"up": {"uv": [3.5, 10.375, 5, 11.625], "texture": "#1"},
				"down": {"uv": [4, 5.875, 5.5, 7.125], "texture": "#1"}
			}
		},
		{
			"from": [7.375, 14, 8.375],
			"to": [7.875, 14.5, 8.875],
			"faces": {
				"north": {"uv": [0, 0, 1, 11.875], "texture": "#1"},
				"east": {"uv": [0, 0, 1, 12], "texture": "#1"},
				"south": {"uv": [0, 0, 1, 11.875], "texture": "#1"},
				"west": {"uv": [0, 0, 0.875, 11.875], "texture": "#1"},
				"up": {"uv": [3.5, 10.375, 5, 11.625], "texture": "#1"},
				"down": {"uv": [4, 5.875, 5.5, 7.125], "texture": "#1"}
			}
		},
		{
			"from": [7.375, 9.75, 8.375],
			"to": [7.875, 10.25, 8.875],
			"faces": {
				"north": {"uv": [0, 0, 1, 11.875], "texture": "#1"},
				"east": {"uv": [0, 0, 1, 12], "texture": "#1"},
				"south": {"uv": [0, 0, 1, 11.875], "texture": "#1"},
				"west": {"uv": [0, 0, 0.875, 11.875], "texture": "#1"},
				"up": {"uv": [3.5, 10.375, 5, 11.625], "texture": "#1"},
				"down": {"uv": [4, 5.875, 5.5, 7.125], "texture": "#1"}
			}
		},
		{
			"from": [2.625, 9.75, 8.375],
			"to": [3.125, 10.25, 8.875],
			"faces": {
				"north": {"uv": [0, 0, 1, 11.875], "texture": "#1"},
				"east": {"uv": [0, 0, 1, 12], "texture": "#1"},
				"south": {"uv": [0, 0, 1, 11.875], "texture": "#1"},
				"west": {"uv": [0, 0, 0.875, 11.875], "texture": "#1"},
				"up": {"uv": [3.5, 10.375, 5, 11.625], "texture": "#1"},
				"down": {"uv": [4, 5.875, 5.5, 7.125], "texture": "#1"}
			}
		},
		{
			"from": [2.625, 14, 8.375],
			"to": [3.125, 14.5, 8.875],
			"faces": {
				"north": {"uv": [0, 0, 1, 11.875], "texture": "#1"},
				"east": {"uv": [0, 0, 1, 12], "texture": "#1"},
				"south": {"uv": [0, 0, 1, 11.875], "texture": "#1"},
				"west": {"uv": [0, 0, 0.875, 11.875], "texture": "#1"},
				"up": {"uv": [3.5, 10.375, 5, 11.625], "texture": "#1"},
				"down": {"uv": [4, 5.875, 5.5, 7.125], "texture": "#1"}
			}
		},
		{
			"from": [7.375, 14, 12.375],
			"to": [7.875, 14.5, 12.875],
			"faces": {
				"north": {"uv": [0, 0, 1, 11.875], "texture": "#1"},
				"east": {"uv": [0, 0, 1, 12], "texture": "#1"},
				"south": {"uv": [0, 0, 1, 11.875], "texture": "#1"},
				"west": {"uv": [0, 0, 0.875, 11.875], "texture": "#1"},
				"up": {"uv": [3.5, 10.375, 5, 11.625], "texture": "#1"},
				"down": {"uv": [4, 5.875, 5.5, 7.125], "texture": "#1"}
			}
		},
		{
			"from": [7.375, 9.75, 12.375],
			"to": [7.875, 10.25, 12.875],
			"faces": {
				"north": {"uv": [0, 0, 1, 11.875], "texture": "#1"},
				"east": {"uv": [0, 0, 1, 12], "texture": "#1"},
				"south": {"uv": [0, 0, 1, 11.875], "texture": "#1"},
				"west": {"uv": [0, 0, 0.875, 11.875], "texture": "#1"},
				"up": {"uv": [3.5, 10.375, 5, 11.625], "texture": "#1"},
				"down": {"uv": [4, 5.875, 5.5, 7.125], "texture": "#1"}
			}
		},
		{
			"from": [2.625, 9.75, 12.375],
			"to": [3.125, 10.25, 12.875],
			"faces": {
				"north": {"uv": [0, 0, 1, 11.875], "texture": "#1"},
				"east": {"uv": [0, 0, 1, 12], "texture": "#1"},
				"south": {"uv": [0, 0, 1, 11.875], "texture": "#1"},
				"west": {"uv": [0, 0, 0.875, 11.875], "texture": "#1"},
				"up": {"uv": [3.5, 10.375, 5, 11.625], "texture": "#1"},
				"down": {"uv": [4, 5.875, 5.5, 7.125], "texture": "#1"}
			}
		},
		{
			"from": [2.5, 14, 12.375],
			"to": [3, 14.5, 12.875],
			"faces": {
				"north": {"uv": [0, 0, 1, 11.875], "texture": "#1"},
				"east": {"uv": [0, 0, 1, 12], "texture": "#1"},
				"south": {"uv": [0, 0, 1, 11.875], "texture": "#1"},
				"west": {"uv": [0, 0, 0.875, 11.875], "texture": "#1"},
				"up": {"uv": [3.5, 10.375, 5, 11.625], "texture": "#1"},
				"down": {"uv": [4, 5.875, 5.5, 7.125], "texture": "#1"}
			}
		},
		{
			"from": [7.75, 14.375, 8.875],
			"to": [8.25, 14.875, 9.375],
			"faces": {
				"north": {"uv": [0, 0, 1, 11.875], "texture": "#1"},
				"east": {"uv": [0, 0, 1, 12], "texture": "#1"},
				"south": {"uv": [0, 0, 1, 11.875], "texture": "#1"},
				"west": {"uv": [0, 0, 0.875, 11.875], "texture": "#1"},
				"up": {"uv": [3.5, 10.375, 5, 11.625], "texture": "#1"},
				"down": {"uv": [4, 5.875, 5.5, 7.125], "texture": "#1"}
			}
		},
		{
			"from": [7.75, 9.375, 8.875],
			"to": [8.25, 9.875, 9.375],
			"faces": {
				"north": {"uv": [0, 0, 1, 11.875], "texture": "#1"},
				"east": {"uv": [0, 0, 1, 12], "texture": "#1"},
				"south": {"uv": [0, 0, 1, 11.875], "texture": "#1"},
				"west": {"uv": [0, 0, 0.875, 11.875], "texture": "#1"},
				"up": {"uv": [3.5, 10.375, 5, 11.625], "texture": "#1"},
				"down": {"uv": [4, 5.875, 5.5, 7.125], "texture": "#1"}
			}
		},
		{
			"from": [2.25, 9.375, 8.875],
			"to": [2.75, 9.875, 9.375],
			"faces": {
				"north": {"uv": [0, 0, 1, 11.875], "texture": "#1"},
				"east": {"uv": [0, 0, 1, 12], "texture": "#1"},
				"south": {"uv": [0, 0, 1, 11.875], "texture": "#1"},
				"west": {"uv": [0, 0, 0.875, 11.875], "texture": "#1"},
				"up": {"uv": [3.5, 10.375, 5, 11.625], "texture": "#1"},
				"down": {"uv": [4, 5.875, 5.5, 7.125], "texture": "#1"}
			}
		},
		{
			"from": [2.25, 14.375, 8.875],
			"to": [2.75, 14.875, 9.375],
			"faces": {
				"north": {"uv": [0, 0, 1, 11.875], "texture": "#1"},
				"east": {"uv": [0, 0, 1, 12], "texture": "#1"},
				"south": {"uv": [0, 0, 1, 11.875], "texture": "#1"},
				"west": {"uv": [0, 0, 0.875, 11.875], "texture": "#1"},
				"up": {"uv": [3.5, 10.375, 5, 11.625], "texture": "#1"},
				"down": {"uv": [4, 5.875, 5.5, 7.125], "texture": "#1"}
			}
		},
		{
			"from": [7.75, 14.375, 11.875],
			"to": [8.25, 14.875, 12.375],
			"faces": {
				"north": {"uv": [0, 0, 1, 11.875], "texture": "#1"},
				"east": {"uv": [0, 0, 1, 12], "texture": "#1"},
				"south": {"uv": [0, 0, 1, 11.875], "texture": "#1"},
				"west": {"uv": [0, 0, 0.875, 11.875], "texture": "#1"},
				"up": {"uv": [3.5, 10.375, 5, 11.625], "texture": "#1"},
				"down": {"uv": [4, 5.875, 5.5, 7.125], "texture": "#1"}
			}
		},
		{
			"from": [7.75, 9.375, 11.875],
			"to": [8.25, 9.875, 12.375],
			"faces": {
				"north": {"uv": [0, 0, 1, 11.875], "texture": "#1"},
				"east": {"uv": [0, 0, 1, 12], "texture": "#1"},
				"south": {"uv": [0, 0, 1, 11.875], "texture": "#1"},
				"west": {"uv": [0, 0, 0.875, 11.875], "texture": "#1"},
				"up": {"uv": [3.5, 10.375, 5, 11.625], "texture": "#1"},
				"down": {"uv": [4, 5.875, 5.5, 7.125], "texture": "#1"}
			}
		},
		{
			"from": [2.25, 9.375, 11.875],
			"to": [2.75, 9.875, 12.375],
			"faces": {
				"north": {"uv": [0, 0, 1, 11.875], "texture": "#1"},
				"east": {"uv": [0, 0, 1, 12], "texture": "#1"},
				"south": {"uv": [0, 0, 1, 11.875], "texture": "#1"},
				"west": {"uv": [0, 0, 0.875, 11.875], "texture": "#1"},
				"up": {"uv": [3.5, 10.375, 5, 11.625], "texture": "#1"},
				"down": {"uv": [4, 5.875, 5.5, 7.125], "texture": "#1"}
			}
		},
		{
			"from": [2.25, 14.375, 11.875],
			"to": [2.75, 14.875, 12.375],
			"faces": {
				"north": {"uv": [0, 0, 1, 11.875], "texture": "#1"},
				"east": {"uv": [0, 0, 1, 12], "texture": "#1"},
				"south": {"uv": [0, 0, 1, 11.875], "texture": "#1"},
				"west": {"uv": [0, 0, 0.875, 11.875], "texture": "#1"},
				"up": {"uv": [3.5, 10.375, 5, 11.625], "texture": "#1"},
				"down": {"uv": [4, 5.875, 5.5, 7.125], "texture": "#1"}
			}
		},
		{
			"from": [8.125, 14.75, 9.375],
			"to": [8.625, 15.25, 11.875],
			"faces": {
				"north": {"uv": [0, 0, 1, 11.875], "texture": "#1"},
				"east": {"uv": [0, 0, 1, 12], "texture": "#1"},
				"south": {"uv": [0, 0, 1, 11.875], "texture": "#1"},
				"west": {"uv": [0, 0, 0.875, 11.875], "texture": "#1"},
				"up": {"uv": [3.5, 10.375, 5, 11.625], "texture": "#1"},
				"down": {"uv": [4, 5.875, 5.5, 7.125], "texture": "#1"}
			}
		},
		{
			"from": [8.125, 9, 9.375],
			"to": [8.625, 9.5, 11.875],
			"faces": {
				"north": {"uv": [0, 0, 1, 11.875], "texture": "#1"},
				"east": {"uv": [0, 0, 1, 12], "texture": "#1"},
				"south": {"uv": [0, 0, 1, 11.875], "texture": "#1"},
				"west": {"uv": [0, 0, 0.875, 11.875], "texture": "#1"},
				"up": {"uv": [3.5, 10.375, 5, 11.625], "texture": "#1"},
				"down": {"uv": [4, 5.875, 5.5, 7.125], "texture": "#1"}
			}
		},
		{
			"from": [1.875, 9, 9.375],
			"to": [2.375, 9.5, 11.875],
			"faces": {
				"north": {"uv": [0, 0, 1, 11.875], "texture": "#1"},
				"east": {"uv": [0, 0, 1, 12], "texture": "#1"},
				"south": {"uv": [0, 0, 1, 11.875], "texture": "#1"},
				"west": {"uv": [0, 0, 0.875, 11.875], "texture": "#1"},
				"up": {"uv": [3.5, 10.375, 5, 11.625], "texture": "#1"},
				"down": {"uv": [4, 5.875, 5.5, 7.125], "texture": "#1"}
			}
		},
		{
			"from": [1.875, 14.75, 9.375],
			"to": [2.375, 15.25, 11.875],
			"faces": {
				"north": {"uv": [0, 0, 1, 11.875], "texture": "#1"},
				"east": {"uv": [0, 0, 1, 12], "texture": "#1"},
				"south": {"uv": [0, 0, 1, 11.875], "texture": "#1"},
				"west": {"uv": [0, 0, 0.875, 11.875], "texture": "#1"},
				"up": {"uv": [3.5, 10.375, 5, 11.625], "texture": "#1"},
				"down": {"uv": [4, 5.875, 5.5, 7.125], "texture": "#1"}
			}
		},
		{
			"from": [13.375, 7.375, 10.25],
			"to": [13.875, 10.875, 10.75],
			"rotation": {"angle": 22.5, "axis": "z", "origin": [0, 0, 0]},
			"faces": {
				"north": {"uv": [0, 0, 1, 11.875], "texture": "#1"},
				"east": {"uv": [0, 0, 1, 12], "texture": "#1"},
				"south": {"uv": [0, 0, 1, 11.875], "texture": "#1"},
				"west": {"uv": [0, 0, 0.875, 11.875], "texture": "#1"},
				"up": {"uv": [3.5, 10.375, 5, 11.625], "texture": "#1"},
				"down": {"uv": [4, 5.875, 5.5, 7.125], "texture": "#1"}
			}
		},
		{
			"from": [5.125, 7.375, 10.25],
			"to": [5.625, 10.875, 10.75],
			"rotation": {"angle": 22.5, "axis": "z", "origin": [0, 0, 0]},
			"faces": {
				"north": {"uv": [0, 0, 1, 11.875], "texture": "#1"},
				"east": {"uv": [0, 0, 1, 12], "texture": "#1"},
				"south": {"uv": [0, 0, 1, 11.875], "texture": "#1"},
				"west": {"uv": [0, 0, 0.875, 11.875], "texture": "#1"},
				"up": {"uv": [3.5, 10.375, 5, 11.625], "texture": "#1"},
				"down": {"uv": [4, 5.875, 5.5, 7.125], "texture": "#1"}
			}
		},
		{
			"from": [-1.5, 17, 10.25],
			"to": [2, 17.5, 10.75],
			"rotation": {"angle": -22.5, "axis": "z", "origin": [0, 0, 0]},
			"faces": {
				"north": {"uv": [0, 0, 1, 11.875], "rotation": 90, "texture": "#1"},
				"east": {"uv": [4, 5.875, 5.5, 7.125], "rotation": 270, "texture": "#1"},
				"south": {"uv": [0, 0, 1, 11.875], "rotation": 270, "texture": "#1"},
				"west": {"uv": [3.5, 10.375, 5, 11.625], "rotation": 270, "texture": "#1"},
				"up": {"uv": [0, 0, 1, 12], "rotation": 270, "texture": "#1"},
				"down": {"uv": [0, 0, 0.875, 11.875], "rotation": 270, "texture": "#1"}
			}
		},
		{
			"from": [-1.5, 8.875, 10.25],
			"to": [2, 9.375, 10.75],
			"rotation": {"angle": -22.5, "axis": "z", "origin": [0, 0, 0]},
			"faces": {
				"north": {"uv": [0, 0, 1, 11.875], "rotation": 90, "texture": "#1"},
				"east": {"uv": [4, 5.875, 5.5, 7.125], "rotation": 270, "texture": "#1"},
				"south": {"uv": [0, 0, 1, 11.875], "rotation": 270, "texture": "#1"},
				"west": {"uv": [3.5, 10.375, 5, 11.625], "rotation": 270, "texture": "#1"},
				"up": {"uv": [0, 0, 1, 12], "rotation": 270, "texture": "#1"},
				"down": {"uv": [0, 0, 0.875, 11.875], "rotation": 270, "texture": "#1"}
			}
		},
		{
			"from": [7.75, 12.875, 10.25],
			"to": [11.25, 13.375, 10.75],
			"rotation": {"angle": 22.5, "axis": "z", "origin": [0, 0, 0]},
			"faces": {
				"north": {"uv": [0, 0, 1, 11.875], "rotation": 90, "texture": "#1"},
				"east": {"uv": [4, 5.875, 5.5, 7.125], "rotation": 270, "texture": "#1"},
				"south": {"uv": [0, 0, 1, 11.875], "rotation": 270, "texture": "#1"},
				"west": {"uv": [3.5, 10.375, 5, 11.625], "rotation": 270, "texture": "#1"},
				"up": {"uv": [0, 0, 1, 12], "rotation": 270, "texture": "#1"},
				"down": {"uv": [0, 0, 0.875, 11.875], "rotation": 270, "texture": "#1"}
			}
		},
		{
			"from": [7.75, 4.875, 10.25],
			"to": [11.375, 5.375, 10.75],
			"rotation": {"angle": 22.5, "axis": "z", "origin": [0, 0, 0]},
			"faces": {
				"north": {"uv": [0, 0, 1, 11.875], "rotation": 90, "texture": "#1"},
				"east": {"uv": [4, 5.875, 5.5, 7.125], "rotation": 270, "texture": "#1"},
				"south": {"uv": [0, 0, 1, 11.875], "rotation": 270, "texture": "#1"},
				"west": {"uv": [3.5, 10.375, 5, 11.625], "rotation": 270, "texture": "#1"},
				"up": {"uv": [0, 0, 1, 12], "rotation": 270, "texture": "#1"},
				"down": {"uv": [0, 0, 0.875, 11.875], "rotation": 270, "texture": "#1"}
			}
		},
		{
			"from": [-4.125, 11.25, 10.25],
			"to": [-3.625, 14.75, 10.75],
			"rotation": {"angle": -22.5, "axis": "z", "origin": [0, 0, 0]},
			"faces": {
				"north": {"uv": [0, 0, 1, 11.875], "rotation": 180, "texture": "#1"},
				"east": {"uv": [0, 0, 0.875, 11.875], "rotation": 180, "texture": "#1"},
				"south": {"uv": [0, 0, 1, 11.875], "rotation": 180, "texture": "#1"},
				"west": {"uv": [0, 0, 1, 12], "rotation": 180, "texture": "#1"},
				"up": {"uv": [4, 5.875, 5.5, 7.125], "rotation": 180, "texture": "#1"},
				"down": {"uv": [3.5, 10.375, 5, 11.625], "rotation": 180, "texture": "#1"}
			}
		},
		{
			"from": [4.125, 11.625, 10.25],
			"to": [4.625, 14.75, 10.75],
			"rotation": {"angle": -22.5, "axis": "z", "origin": [0, 0, 0]},
			"faces": {
				"north": {"uv": [0, 0, 1, 11.875], "rotation": 180, "texture": "#1"},
				"east": {"uv": [0, 0, 0.875, 11.875], "rotation": 180, "texture": "#1"},
				"south": {"uv": [0, 0, 1, 11.875], "rotation": 180, "texture": "#1"},
				"west": {"uv": [0, 0, 1, 12], "rotation": 180, "texture": "#1"},
				"up": {"uv": [4, 5.875, 5.5, 7.125], "rotation": 180, "texture": "#1"},
				"down": {"uv": [3.5, 10.375, 5, 11.625], "rotation": 180, "texture": "#1"}
			}
		},
		{
			"from": [3, 13.625, 7.875],
			"to": [3.5, 14.125, 8.375],
			"faces": {
				"north": {"uv": [0, 0, 1, 11.875], "texture": "#1"},
				"east": {"uv": [0, 0, 1, 12], "texture": "#1"},
				"south": {"uv": [0, 0, 1, 11.875], "texture": "#1"},
				"west": {"uv": [0, 0, 0.875, 11.875], "texture": "#1"},
				"up": {"uv": [3.5, 10.375, 5, 11.625], "texture": "#1"},
				"down": {"uv": [4, 5.875, 5.5, 7.125], "texture": "#1"}
			}
		},
		{
			"from": [-7, 11.875, 7.875],
			"to": [-6.5, 12.375, 11.375],
			"rotation": {"angle": 45, "axis": "y", "origin": [0, 0, 0]},
			"faces": {
				"north": {"uv": [0, 0, 1, 11.875], "texture": "#1"},
				"east": {"uv": [0, 0, 1, 12], "texture": "#1"},
				"south": {"uv": [0, 0, 1, 11.875], "texture": "#1"},
				"west": {"uv": [0, 0, 0.875, 11.875], "texture": "#1"},
				"up": {"uv": [3.5, 10.375, 5, 11.625], "texture": "#1"},
				"down": {"uv": [4, 5.875, 5.5, 7.125], "texture": "#1"}
			}
		},
		{
			"from": [4.5, 3.125, 4.375],
			"to": [6, 10.5, 5.625],
			"faces": {
				"north": {"uv": [0, 0, 1, 11.875], "texture": "#0"},
				"east": {"uv": [0, 0, 1, 12], "texture": "#0"},
				"south": {"uv": [0, 0, 1, 11.875], "texture": "#0"},
				"west": {"uv": [0, 0, 0.875, 11.875], "texture": "#0"},
				"up": {"uv": [0, 0, 1.5, 1.25], "texture": "#0"},
				"down": {"uv": [0, 0, 1.5, 1.25], "texture": "#0"}
			}
		}
	],
	"display": {
		"thirdperson_righthand": {
			"translation": [3.25, 5.25, 2]
		},
		"thirdperson_lefthand": {
			"translation": [-2, 5.25, 2]
		},
		"firstperson_righthand": {
			"translation": [1.5, 0, 0]
		},
		"firstperson_lefthand": {
			"translation": [1.5, 0, 0]
		},
		"ground": {
			"translation": [0, 2.25, 0]
		},
		"gui": {
			"rotation": [0, -34, 0],
			"translation": [3, -1.25, 0]
		},
		"head": {
			"translation": [5.5, -7.75, -16.75],
			"scale": [2, 2, 2]
		},
		"fixed": {
			"rotation": [90, 0, -180],
			"translation": [-8.25, -4.5, -16],
			"scale": [3, 3, 3]
		}
	}
}