{
	"credit": "Made with Blockbench",
	"parent": "minecraft:item/handheld",
	"textures": {
		"layer0": "item/SinWataameSword"
	},
	"gui_light": "front",
	"display": {
		"thirdperson_righthand": {
			"rotation": [-51.75, 90, 0],
			"translation": [0.25, 7.5, -0.5],
			"scale": [0.8, 0.8, 0.8]
		},
		"thirdperson_lefthand": {
			"rotation": [36.25, 90, 0],
			"translation": [0.25, 7.5, -0.5],
			"scale": [0.8, 0.8, 0.8]
		},
		"firstperson_righthand": {
			"rotation": [-75.25, 90, 0],
			"translation": [4.25, 6, -4.5]
		},
		"firstperson_lefthand": {
			"rotation": [-75.25, -90, 0],
			"translation": [4.25, 6, -4.5]
		},
		"ground": {
			"translation": [0, 5.25, 0]
		},
		"gui": {
			"rotation": [0, 0, -90]
		},
		"head": {
			"rotation": [0, 0, 136.25],
			"translation": [0, 15, 0.5]
		},
		"fixed": {
			"rotation": [44.5, 90, 0],
			"translation": [0, 0, -18],
			"scale": [2, 2, 2]
		}
	}
}