{
	"credit": "Made with Blockbench",
	"parent": "item/handheld",
	"textures": {
		"particle": "minecraft:item/CyberScythiBlue",
		"layer0": "minecraft:item/CyberScythiBlue"
	},
	"display": {
		"thirdperson_righthand": {
			"rotation": [63, -85, 71],
			"translation": [-1, 11.25, 6],
			"scale": [2.5, 2.5, 1.5]
		},
		"thirdperson_lefthand": {
			"rotation": [-113, 180, -13],
			"translation": [-6, -8.5, 4.75],
			"scale": [2, 2, 1]
		},
		"firstperson_righthand": {
			"rotation": [-60, -86, -23],
			"translation": [-2.5, 6.5, 2.25],
			"scale": [0.8, 0.8, 0.5]
		},
		"firstperson_lefthand": {
			"translation": [0, -80, 0],
			"scale": [0, 0, 0]
		},
		"ground": {
			"rotation": [0, 0, 19],
			"translation": [0, 24.75, 0],
			"scale": [2.5, 2.5, 1.5]
		},
		"gui": {
			"translation": [1.25, 1.5, 0],
			"scale": [1.5, 1.5, 1]
		},
		"head": {
			"rotation": [0, 0, 23],
			"translation": [0, -3.75, 4.5],
			"scale": [4, 4, 2.5]
		},
		"fixed": {
			"rotation": [0, 180, 0],
			"scale": [1.5, 1.5, 1]
		}
	}
}