{
	"credit": "Made with Blockbench",
	"texture_size": [128, 128],
	"textures": {
		"0": "item/jihankiblue",
		"particle": "item/jihankiblue"
	},
	"elements": [
		{
			"from": [0, 0, 0],
			"to": [16.75, 32, 16],
			"faces": {
				"north": {"uv": [10.46875, 9.625, 15.09375, 14.51563], "texture": "#0"},
				"east": {"uv": [10.51563, 0.14063, 16, 16], "texture": "#0"},
				"south": {"uv": [0, 0, 10.5, 15.95313], "texture": "#0"},
				"west": {"uv": [10.4375, 6.875, 15.45313, 13.03125], "texture": "#0"},
				"up": {"uv": [11.5, 6.73438, 13.5, 8.73438], "texture": "#0"},
				"down": {"uv": [11.5, 6.84375, 13.5, 8.84375], "texture": "#0"}
			}
		}
	],
	"display": {
		"thirdperson_righthand": {
			"rotation": [-90, 0, 180],
			"translation": [-6.5, -2.25, -4],
			"scale": [1.075, 1.075, 1.075]
		},
		"thirdperson_lefthand": {
			"rotation": [-90, 0, 180],
			"translation": [-6.25, -2.25, -4]
		},
		"firstperson_righthand": {
			"rotation": [8, 180, 0],
			"translation": [-7, -6, 1]
		},
		"firstperson_lefthand": {
			"rotation": [8, 180, 0],
			"translation": [-7, -6, 1]
		},
		"ground": {
			"scale": [0.5, 0.5, 0.5]
		},
		"gui": {
			"rotation": [19, -46, 0],
			"translation": [0, -3.5, 0],
			"scale": [0.5, 0.5, 0.5]
		},
		"head": {
			"rotation": [180, 0, 180],
			"translation": [0, -30.25, 0],
			"scale": [2, 2, 2]
		},
		"fixed": {
			"rotation": [90, 0, 180],
			"translation": [-0.5, -0.25, -17.25],
			"scale": [2.1, 2.1, 2.1]
		}
	}
}