{
	"credit": "Made with Blockbench",
	"textures": {
		"0": "block/black_concrete",
		"particle": "block/black_concrete"
	},
	"elements": [
		{
			"from": [3.80952, 1.14286, 8],
			"to": [11.80969, 3.42873, 8.5],
			"faces": {
				"north": {"uv": [0, 4, 16, 12], "texture": "#0"},
				"east": {"uv": [0, 0, 2, 16], "texture": "#0"},
				"south": {"uv": [0, 4, 16, 12], "texture": "#0"},
				"west": {"uv": [13.97619, 0, 15.97619, 16], "texture": "#0"},
				"up": {"uv": [0, 0, 6.98429, 0.5], "texture": "#0"},
				"down": {"uv": [0, 0, 6.98429, 0.5], "texture": "#0"}
			}
		},
		{
			"from": [4.31746, 3.42857, 8],
			"to": [11.30175, 3.93667, 8.5],
			"faces": {
				"north": {"uv": [0, 4, 16, 12], "texture": "#0"},
				"east": {"uv": [0, 0, 2, 16], "texture": "#0"},
				"south": {"uv": [0, 4, 16, 12], "texture": "#0"},
				"west": {"uv": [13.97619, 0, 15.97619, 16], "texture": "#0"},
				"up": {"uv": [0, 0, 6.98429, 0.5], "texture": "#0"},
				"down": {"uv": [0, 0, 6.98429, 0.5], "texture": "#0"}
			}
		},
		{
			"from": [4.31746, 0.63492, 8],
			"to": [11.30175, 1.14302, 8.5],
			"faces": {
				"north": {"uv": [0, 4, 16, 12], "texture": "#0"},
				"east": {"uv": [0, 0, 2, 16], "texture": "#0"},
				"south": {"uv": [0, 4, 16, 12], "texture": "#0"},
				"west": {"uv": [13.97619, 0, 15.97619, 16], "texture": "#0"},
				"up": {"uv": [0, 0, 6.98429, 0.5], "texture": "#0"},
				"down": {"uv": [0, 0, 6.98429, 0.5], "texture": "#0"}
			}
		},
		{
			"from": [3.80952, 1.90476, 11.68254],
			"to": [11.80969, 2.41286, 12.18254],
			"faces": {
				"north": {"uv": [0, 0, 6.98429, 1.01603], "texture": "#0"},
				"east": {"uv": [0, 0, 0.5, 1.01603], "texture": "#0"},
				"south": {"uv": [0, 0, 6.98429, 1.01603], "texture": "#0"},
				"west": {"uv": [0, 0, 0.5, 1.01603], "texture": "#0"},
				"up": {"uv": [0, 0, 6.98429, 0.5], "texture": "#0"},
				"down": {"uv": [0, 0, 6.98429, 0.5], "texture": "#0"}
			}
		},
		{
			"from": [3.81746, 1.90476, 8.38096],
			"to": [4.31746, 2.41286, 11.80969],
			"faces": {
				"north": {"uv": [0, 0, 0.5, 1.01603], "texture": "#0"},
				"east": {"uv": [0, 0, 1.52397, 1.01603], "texture": "#0"},
				"south": {"uv": [0, 0, 0.5, 1.01603], "texture": "#0"},
				"west": {"uv": [0, 0, 1.52397, 1.01603], "texture": "#0"},
				"up": {"uv": [0, 0, 1.52397, 0.5], "rotation": 90, "texture": "#0"},
				"down": {"uv": [0, 0, 1.52397, 0.5], "rotation": 270, "texture": "#0"}
			}
		},
		{
			"from": [11.30953, 1.90476, 8.38096],
			"to": [11.80953, 2.41286, 11.68274],
			"faces": {
				"north": {"uv": [0, 0, 0.5, 1.01603], "texture": "#0"},
				"east": {"uv": [0, 0, 1.52397, 1.01603], "texture": "#0"},
				"south": {"uv": [0, 0, 0.5, 1.01603], "texture": "#0"},
				"west": {"uv": [0, 0, 1.52397, 1.01603], "texture": "#0"},
				"up": {"uv": [0, 0, 1.52397, 0.5], "rotation": 90, "texture": "#0"},
				"down": {"uv": [0, 0, 1.52397, 0.5], "rotation": 270, "texture": "#0"}
			}
		}
	],
	"display": {
		"thirdperson_righthand": {
			"translation": [0.25, 4, -2.5]
		},
		"thirdperson_lefthand": {
			"translation": [0.25, 4, -2.5]
		},
		"firstperson_righthand": {
			"translation": [3, 8.75, 2.5]
		},
		"firstperson_lefthand": {
			"translation": [3, 8.75, 2.5]
		},
		"ground": {
			"translation": [0, 3.25, 0]
		},
		"gui": {
			"rotation": [27, 125, 0],
			"translation": [-2.75, 8.75, 0],
			"scale": [2, 2, 2]
		},
		"head": {
			"translation": [0.5, 10, -8.25],
			"scale": [2, 2, 4]
		},
		"fixed": {
			"rotation": [-90, -1, 0],
			"translation": [0.25, -3.5, -12.25],
			"scale": [2, 2, 2]
		}
	}
}