{
	"credit": "Made with Blockbench",
	"textures": {
		"2": "block/blast_furnace_side",
		"3": "block/oak_planks",
		"particle": "block/oak_planks"
	},
	"elements": [
		{
			"from": [7.9, -3.5, 8.2],
			"to": [16.3, -3, 8.7],
			"rotation": {"angle": -45, "axis": "x", "origin": [0, 0, 0]},
			"faces": {
				"north": {"uv": [1, 10, 15, 15], "texture": "#2"},
				"east": {"uv": [1, 10, 15, 15], "texture": "#2"},
				"south": {"uv": [1, 10, 15, 15], "texture": "#2"},
				"west": {"uv": [1, 10, 15, 15], "texture": "#2"},
				"up": {"uv": [1, 10, 15, 15], "texture": "#2"},
				"down": {"uv": [1, 10, 15, 15], "texture": "#2"}
			}
		},
		{
			"from": [1.6, -3.3, 8.4],
			"to": [7.9, -3, 8.7],
			"rotation": {"angle": -45, "axis": "x", "origin": [0, 0, 0]},
			"faces": {
				"north": {"uv": [1, 10, 15, 14.9], "texture": "#2"},
				"east": {"uv": [1, 10, 15, 14.9], "texture": "#2"},
				"south": {"uv": [1, 10, 15, 14.9], "texture": "#2"},
				"west": {"uv": [1, 10, 15, 14.9], "texture": "#2"},
				"up": {"uv": [1, 10, 15, 14.9], "texture": "#2"},
				"down": {"uv": [1, 10, 15, 14.9], "texture": "#2"}
			}
		},
		{
			"from": [6.5, 3.3, 8],
			"to": [7.8, 3.8, 8.6],
			"faces": {
				"north": {"uv": [0, 0, 16, 3], "texture": "#3"},
				"east": {"uv": [0, 0, 16, 3], "texture": "#3"},
				"south": {"uv": [0, 0, 16, 3], "texture": "#3"},
				"west": {"uv": [0, 0, 16, 3], "texture": "#3"},
				"up": {"uv": [0, 0, 16, 3], "texture": "#3"},
				"down": {"uv": [0, 0, 16, 3], "texture": "#3"}
			}
		},
		{
			"from": [6.2, 3.8, 8.3],
			"to": [6.3, 3.9, 9.1],
			"faces": {
				"north": {"uv": [0, 0, 1, 3], "texture": "#2"},
				"east": {"uv": [0, 0, 1, 3], "texture": "#2"},
				"south": {"uv": [0, 0, 1, 3], "texture": "#2"},
				"west": {"uv": [0, 0, 1, 3], "texture": "#2"},
				"up": {"uv": [1, 10, 15, 15], "texture": "#2"},
				"down": {"uv": [0, 0, 1, 3], "texture": "#2"}
			}
		},
		{
			"from": [7, -1.8, 9],
			"to": [7.3, -1.5, 9.3],
			"rotation": {"angle": 45, "axis": "z", "origin": [0, 0, 0]},
			"faces": {
				"north": {"uv": [1, 10, 6, 13], "texture": "#2"},
				"east": {"uv": [1, 10, 6, 13], "texture": "#2"},
				"south": {"uv": [1, 10, 6, 13], "texture": "#2"},
				"west": {"uv": [1, 10, 6, 13], "texture": "#2"},
				"up": {"uv": [1, 10, 6, 13], "texture": "#2"},
				"down": {"uv": [1, 10, 6, 13], "texture": "#2"}
			}
		},
		{
			"from": [15.9, 3.8, 8.2],
			"to": [16.2, 4.2, 8.3],
			"faces": {
				"north": {"uv": [1, 11, 15.3, 12.2], "texture": "#2"},
				"east": {"uv": [1, 11, 15.3, 12.2], "texture": "#2"},
				"south": {"uv": [1, 11, 15.3, 12.2], "texture": "#2"},
				"west": {"uv": [1, 11, 15.3, 12.2], "texture": "#2"},
				"up": {"uv": [1, 11, 15.3, 12.2], "texture": "#2"},
				"down": {"uv": [1, 11, 15.3, 12.2], "texture": "#2"}
			}
		},
		{
			"from": [6.9, 0, 8],
			"to": [8.8, 0.7, 8.6],
			"rotation": {"angle": 22.5, "axis": "z", "origin": [0, 0, 0]},
			"faces": {
				"north": {"uv": [0, 0, 16, 3], "texture": "#3"},
				"east": {"uv": [0, 0, 16, 3], "texture": "#3"},
				"south": {"uv": [0, 0, 16, 3], "texture": "#3"},
				"west": {"uv": [0, 0, 16, 3], "texture": "#3"},
				"up": {"uv": [0, 0, 16, 3], "texture": "#3"},
				"down": {"uv": [0, 0, 16, 3], "texture": "#3"}
			}
		},
		{
			"from": [1.5, 2.7, 8],
			"to": [6.5, 3.8, 8.6],
			"faces": {
				"north": {"uv": [0, 0, 16, 3], "texture": "#3"},
				"east": {"uv": [0, 0, 16, 3], "texture": "#3"},
				"south": {"uv": [0, 0, 16, 3], "texture": "#3"},
				"west": {"uv": [0, 0, 16, 3], "texture": "#3"},
				"up": {"uv": [0, 0, 16, 3], "texture": "#3"},
				"down": {"uv": [0, 0, 16, 3], "texture": "#3"}
			}
		},
		{
			"from": [3.9, -0.7, 8.1],
			"to": [4.9, -0.6, 8.5],
			"rotation": {"angle": 45, "axis": "z", "origin": [0, 0, 0]},
			"faces": {
				"north": {"uv": [1, 8, 15, 9], "texture": "#2"},
				"east": {"uv": [1, 8, 15, 9], "texture": "#2"},
				"south": {"uv": [1, 8, 15, 9], "texture": "#2"},
				"west": {"uv": [1, 8, 15, 9], "texture": "#2"},
				"up": {"uv": [1, 8, 15, 9], "texture": "#2"},
				"down": {"uv": [1, 8, 15, 9], "texture": "#2"}
			}
		},
		{
			"from": [3.1, 1.2, 8.1],
			"to": [3.2, 1.8, 8.5],
			"rotation": {"angle": 22.5, "axis": "z", "origin": [0, 0, 0]},
			"faces": {
				"north": {"uv": [1, 8, 15, 9], "rotation": 270, "texture": "#2"},
				"east": {"uv": [1, 8, 15, 9], "rotation": 270, "texture": "#2"},
				"south": {"uv": [1, 8, 15, 9], "rotation": 270, "texture": "#2"},
				"west": {"uv": [1, 8, 15, 9], "rotation": 270, "texture": "#2"},
				"up": {"uv": [1, 8, 15, 9], "rotation": 270, "texture": "#2"},
				"down": {"uv": [1, 8, 15, 9], "rotation": 270, "texture": "#2"}
			}
		},
		{
			"from": [2.8, 2.5, 8.2],
			"to": [2.9, 3.1, 8.4],
			"faces": {
				"north": {"uv": [1, 15, 15, 11], "rotation": 270, "texture": "#2"},
				"east": {"uv": [1, 15, 15, 11], "rotation": 270, "texture": "#2"},
				"south": {"uv": [1, 15, 15, 11], "rotation": 270, "texture": "#2"},
				"west": {"uv": [1, 15, 15, 11], "rotation": 270, "texture": "#2"},
				"up": {"uv": [1, 15, 15, 11], "rotation": 270, "texture": "#2"},
				"down": {"uv": [1, 15, 15, 11], "rotation": 270, "texture": "#2"}
			}
		},
		{
			"from": [2.4, 2.3, 8.1],
			"to": [3.3, 2.4, 8.5],
			"faces": {
				"north": {"uv": [1, 8, 15, 9], "texture": "#2"},
				"east": {"uv": [1, 8, 15, 9], "texture": "#2"},
				"south": {"uv": [1, 8, 15, 9], "texture": "#2"},
				"west": {"uv": [1, 8, 15, 9], "texture": "#2"},
				"up": {"uv": [1, 8, 15, 9], "texture": "#2"},
				"down": {"uv": [1, 8, 15, 9], "texture": "#2"}
			}
		},
		{
			"from": [-3.9, 2.1, 8],
			"to": [0, 3.4, 8.6],
			"faces": {
				"north": {"uv": [0, 0, 16, 3], "texture": "#3"},
				"east": {"uv": [0, 0, 16, 3], "texture": "#3"},
				"south": {"uv": [0, 0, 16, 3], "texture": "#3"},
				"west": {"uv": [0, 0, 16, 3], "texture": "#3"},
				"up": {"uv": [0, 0, 16, 3], "texture": "#3"},
				"down": {"uv": [0, 0, 16, 3], "texture": "#3"}
			}
		},
		{
			"from": [-3.9, 1.3, 8],
			"to": [-1.6, 2.1, 8.6],
			"faces": {
				"north": {"uv": [0, 0, 16, 3], "texture": "#3"},
				"east": {"uv": [0, 0, 16, 3], "texture": "#3"},
				"south": {"uv": [0, 0, 16, 3], "texture": "#3"},
				"west": {"uv": [0, 0, 16, 3], "texture": "#3"},
				"up": {"uv": [0, 0, 16, 3], "texture": "#3"},
				"down": {"uv": [0, 0, 16, 3], "texture": "#3"}
			}
		},
		{
			"from": [-1, 1.8, 8],
			"to": [3, 3, 8.6],
			"rotation": {"angle": 22.5, "axis": "z", "origin": [0, 0, 0]},
			"faces": {
				"north": {"uv": [0, 0, 16, 3], "texture": "#3"},
				"east": {"uv": [0, 0, 16, 3], "texture": "#3"},
				"south": {"uv": [0, 0, 16, 3], "texture": "#3"},
				"west": {"uv": [0, 0, 16, 3], "texture": "#3"},
				"up": {"uv": [0, 0, 16, 3], "texture": "#3"},
				"down": {"uv": [0, 0, 16, 3], "texture": "#3"}
			}
		}
	],
	"display": {
		"thirdperson_righthand": {
			"rotation": [30, 93, -31],
			"translation": [-1.25, 8.25, -10],
			"scale": [1.7, 1.7, 1.7]
		},
		"thirdperson_lefthand": {
			"rotation": [-31, -85, -30],
			"translation": [0, 8.75, -9.75],
			"scale": [1.7, 1.7, 1.7]
		},
		"firstperson_righthand": {
			"rotation": [3, 80, 0],
			"translation": [1.25, 11.75, -1.75],
			"scale": [1.4, 1.4, 1.4]
		},
		"firstperson_lefthand": {
			"rotation": [3, -100, 0],
			"translation": [2, 11.75, -2.25],
			"scale": [1.4, 1.4, 1.4]
		},
		"ground": {
			"rotation": [0, 0, 11],
			"translation": [0, 13.75, 0],
			"scale": [2, 2, 2]
		},
		"gui": {
			"rotation": [0, 0, 30],
			"translation": [-0.75, 7.25, 0],
			"scale": [1.3, 1.3, 1.3]
		},
		"head": {
			"rotation": [0, 0, 42],
			"translation": [-1.5, -4.25, 4.25],
			"scale": [2, 2, 2]
		},
		"fixed": {
			"rotation": [0, 0, 12],
			"translation": [2.75, 19.75, -2.25],
			"scale": [4, 4, 4]
		}
	}
}