{
    "parent": "minecraft:item/generated",
    "textures": {
        "layer0": "minecraft:item/tyokobanana5"
},
	"display": {
		"thirdperson_righthand": {
			"rotation": [-169.52, -86.36, 178.7],
			"translation": [0.25, 5, 2.75],
			"scale": [0.7, 0.7, 0.7]
		},
		"thirdperson_lefthand": {
			"rotation": [164.67, 88.62, -159.1],
			"translation": [0, 5, 2.25],
			"scale": [0.7, 0.7, 0.7]
		},
		"firstperson_righthand": {
			"rotation": [180, -76.5, 180],
			"translation": [7.75, -1, -2.5]
		},
		"firstperson_lefthand": {
			"rotation": [0, 78.25, 0],
			"translation": [7.5, -0.5, -2]
		},
		"head": {
			"rotation": [-2.94, -1.93, 179.7],
			"translation": [-1.75, 11.75, 0]
		}
	}
}