{
	"credit": "Made with Blockbench",
	"textures": {
		"0": "item/worm",
		"particle": "item/worm"
	},
	"elements": [
		{
			"from": [2.625, 8, 17.875],
			"to": [10.625, 19.875, 25.875],
			"rotation": {"angle": -22.5, "axis": "x", "origin": [0, 0.875, 10]},
			"faces": {
				"north": {"uv": [8, 0, 16, 16], "texture": "#0"},
				"east": {"uv": [8, 0, 16, 16], "texture": "#0"},
				"south": {"uv": [8, 0, 16, 16], "texture": "#0"},
				"west": {"uv": [8, 0, 16, 16], "texture": "#0"},
				"up": {"uv": [0, 0, 8, 8], "texture": "#0"},
				"down": {"uv": [0, 0, 8, 8], "texture": "#0"}
			}
		},
		{
			"from": [2.625, 23.5, 12],
			"to": [10.625, 31.5, 23.875],
			"rotation": {"angle": -45, "axis": "x", "origin": [0, 0.875, 10]},
			"faces": {
				"north": {"uv": [0, 8, 8, 16], "rotation": 180, "texture": "#0"},
				"east": {"uv": [8, 0, 16, 16], "rotation": 270, "texture": "#0"},
				"south": {"uv": [0, 0, 8, 8], "texture": "#0"},
				"west": {"uv": [8, 0, 16, 16], "rotation": 90, "texture": "#0"},
				"up": {"uv": [8, 0, 16, 16], "rotation": 180, "texture": "#0"},
				"down": {"uv": [8, 0, 16, 16], "texture": "#0"}
			}
		},
		{
			"from": [2.625, 24.5, 11],
			"to": [3.625, 25.5, 12],
			"rotation": {"angle": -45, "axis": "x", "origin": [0, 0.875, 10]},
			"faces": {
				"north": {"uv": [0, 15, 1, 16], "rotation": 90, "texture": "#0"},
				"east": {"uv": [0, 15, 1, 16], "rotation": 270, "texture": "#0"},
				"south": {"uv": [0, 15, 1, 16], "texture": "#0"},
				"west": {"uv": [0, 15, 1, 16], "rotation": 90, "texture": "#0"},
				"up": {"uv": [0, 15, 1, 16], "rotation": 180, "texture": "#0"},
				"down": {"uv": [0, 15, 1, 16], "texture": "#0"}
			}
		},
		{
			"from": [2.625, 26.5, 11],
			"to": [3.625, 27.5, 12],
			"rotation": {"angle": -45, "axis": "x", "origin": [0, 0.875, 10]},
			"faces": {
				"north": {"uv": [0, 15, 1, 16], "rotation": 90, "texture": "#0"},
				"east": {"uv": [0, 15, 1, 16], "rotation": 270, "texture": "#0"},
				"south": {"uv": [0, 15, 1, 16], "texture": "#0"},
				"west": {"uv": [0, 15, 1, 16], "rotation": 90, "texture": "#0"},
				"up": {"uv": [0, 15, 1, 16], "rotation": 180, "texture": "#0"},
				"down": {"uv": [0, 15, 1, 16], "texture": "#0"}
			}
		},
		{
			"from": [2.625, 28.5, 11],
			"to": [3.625, 29.5, 12],
			"rotation": {"angle": -45, "axis": "x", "origin": [0, 0.875, 10]},
			"faces": {
				"north": {"uv": [0, 15, 1, 16], "rotation": 90, "texture": "#0"},
				"east": {"uv": [0, 15, 1, 16], "rotation": 270, "texture": "#0"},
				"south": {"uv": [0, 15, 1, 16], "texture": "#0"},
				"west": {"uv": [0, 15, 1, 16], "rotation": 90, "texture": "#0"},
				"up": {"uv": [0, 15, 1, 16], "rotation": 180, "texture": "#0"},
				"down": {"uv": [0, 15, 1, 16], "texture": "#0"}
			}
		},
		{
			"from": [2.625, 30.5, 11],
			"to": [3.625, 31.5, 12],
			"rotation": {"angle": -45, "axis": "x", "origin": [0, 0.875, 10]},
			"faces": {
				"north": {"uv": [0, 15, 1, 16], "rotation": 90, "texture": "#0"},
				"east": {"uv": [0, 15, 1, 16], "rotation": 270, "texture": "#0"},
				"south": {"uv": [0, 15, 1, 16], "texture": "#0"},
				"west": {"uv": [0, 15, 1, 16], "rotation": 90, "texture": "#0"},
				"up": {"uv": [0, 15, 1, 16], "rotation": 180, "texture": "#0"},
				"down": {"uv": [0, 15, 1, 16], "texture": "#0"}
			}
		},
		{
			"from": [4.625, 30.5, 11],
			"to": [5.625, 31.5, 12],
			"rotation": {"angle": -45, "axis": "x", "origin": [0, 0.875, 10]},
			"faces": {
				"north": {"uv": [0, 15, 1, 16], "rotation": 90, "texture": "#0"},
				"east": {"uv": [0, 15, 1, 16], "rotation": 270, "texture": "#0"},
				"south": {"uv": [0, 15, 1, 16], "texture": "#0"},
				"west": {"uv": [0, 15, 1, 16], "rotation": 90, "texture": "#0"},
				"up": {"uv": [0, 15, 1, 16], "rotation": 180, "texture": "#0"},
				"down": {"uv": [0, 15, 1, 16], "texture": "#0"}
			}
		},
		{
			"from": [6.625, 30.5, 11],
			"to": [7.625, 31.5, 12],
			"rotation": {"angle": -45, "axis": "x", "origin": [0, 0.875, 10]},
			"faces": {
				"north": {"uv": [0, 15, 1, 16], "rotation": 90, "texture": "#0"},
				"east": {"uv": [0, 15, 1, 16], "rotation": 270, "texture": "#0"},
				"south": {"uv": [0, 15, 1, 16], "texture": "#0"},
				"west": {"uv": [0, 15, 1, 16], "rotation": 90, "texture": "#0"},
				"up": {"uv": [0, 15, 1, 16], "rotation": 180, "texture": "#0"},
				"down": {"uv": [0, 15, 1, 16], "texture": "#0"}
			}
		},
		{
			"from": [8.625, 30.5, 11],
			"to": [9.625, 31.5, 12],
			"rotation": {"angle": -45, "axis": "x", "origin": [0, 0.875, 10]},
			"faces": {
				"north": {"uv": [0, 15, 1, 16], "rotation": 90, "texture": "#0"},
				"east": {"uv": [0, 15, 1, 16], "rotation": 270, "texture": "#0"},
				"south": {"uv": [0, 15, 1, 16], "texture": "#0"},
				"west": {"uv": [0, 15, 1, 16], "rotation": 90, "texture": "#0"},
				"up": {"uv": [0, 15, 1, 16], "rotation": 180, "texture": "#0"},
				"down": {"uv": [0, 15, 1, 16], "texture": "#0"}
			}
		},
		{
			"from": [9.625, 29.5, 11],
			"to": [10.625, 30.5, 12],
			"rotation": {"angle": -45, "axis": "x", "origin": [0, 0.875, 10]},
			"faces": {
				"north": {"uv": [0, 15, 1, 16], "rotation": 90, "texture": "#0"},
				"east": {"uv": [0, 15, 1, 16], "rotation": 270, "texture": "#0"},
				"south": {"uv": [0, 15, 1, 16], "texture": "#0"},
				"west": {"uv": [0, 15, 1, 16], "rotation": 90, "texture": "#0"},
				"up": {"uv": [0, 15, 1, 16], "rotation": 180, "texture": "#0"},
				"down": {"uv": [0, 15, 1, 16], "texture": "#0"}
			}
		},
		{
			"from": [9.625, 27.5, 11],
			"to": [10.625, 28.5, 12],
			"rotation": {"angle": -45, "axis": "x", "origin": [0, 0.875, 10]},
			"faces": {
				"north": {"uv": [0, 15, 1, 16], "rotation": 90, "texture": "#0"},
				"east": {"uv": [0, 15, 1, 16], "rotation": 270, "texture": "#0"},
				"south": {"uv": [0, 15, 1, 16], "texture": "#0"},
				"west": {"uv": [0, 15, 1, 16], "rotation": 90, "texture": "#0"},
				"up": {"uv": [0, 15, 1, 16], "rotation": 180, "texture": "#0"},
				"down": {"uv": [0, 15, 1, 16], "texture": "#0"}
			}
		},
		{
			"from": [9.625, 25.5, 11],
			"to": [10.625, 26.5, 12],
			"rotation": {"angle": -45, "axis": "x", "origin": [0, 0.875, 10]},
			"faces": {
				"north": {"uv": [0, 15, 1, 16], "rotation": 90, "texture": "#0"},
				"east": {"uv": [0, 15, 1, 16], "rotation": 270, "texture": "#0"},
				"south": {"uv": [0, 15, 1, 16], "texture": "#0"},
				"west": {"uv": [0, 15, 1, 16], "rotation": 90, "texture": "#0"},
				"up": {"uv": [0, 15, 1, 16], "rotation": 180, "texture": "#0"},
				"down": {"uv": [0, 15, 1, 16], "texture": "#0"}
			}
		},
		{
			"from": [9.625, 23.5, 11],
			"to": [10.625, 24.5, 12],
			"rotation": {"angle": -45, "axis": "x", "origin": [0, 0.875, 10]},
			"faces": {
				"north": {"uv": [0, 15, 1, 16], "rotation": 90, "texture": "#0"},
				"east": {"uv": [0, 15, 1, 16], "rotation": 270, "texture": "#0"},
				"south": {"uv": [0, 15, 1, 16], "texture": "#0"},
				"west": {"uv": [0, 15, 1, 16], "rotation": 90, "texture": "#0"},
				"up": {"uv": [0, 15, 1, 16], "rotation": 180, "texture": "#0"},
				"down": {"uv": [0, 15, 1, 16], "texture": "#0"}
			}
		},
		{
			"from": [7.625, 23.5, 11],
			"to": [8.625, 24.5, 12],
			"rotation": {"angle": -45, "axis": "x", "origin": [0, 0.875, 10]},
			"faces": {
				"north": {"uv": [0, 15, 1, 16], "rotation": 90, "texture": "#0"},
				"east": {"uv": [0, 15, 1, 16], "rotation": 270, "texture": "#0"},
				"south": {"uv": [0, 15, 1, 16], "texture": "#0"},
				"west": {"uv": [0, 15, 1, 16], "rotation": 90, "texture": "#0"},
				"up": {"uv": [0, 15, 1, 16], "rotation": 180, "texture": "#0"},
				"down": {"uv": [0, 15, 1, 16], "texture": "#0"}
			}
		},
		{
			"from": [5.625, 23.5, 11],
			"to": [6.625, 24.5, 12],
			"rotation": {"angle": -45, "axis": "x", "origin": [0, 0.875, 10]},
			"faces": {
				"north": {"uv": [0, 15, 1, 16], "rotation": 90, "texture": "#0"},
				"east": {"uv": [0, 15, 1, 16], "rotation": 270, "texture": "#0"},
				"south": {"uv": [0, 15, 1, 16], "texture": "#0"},
				"west": {"uv": [0, 15, 1, 16], "rotation": 90, "texture": "#0"},
				"up": {"uv": [0, 15, 1, 16], "rotation": 180, "texture": "#0"},
				"down": {"uv": [0, 15, 1, 16], "texture": "#0"}
			}
		},
		{
			"from": [3.625, 23.5, 11],
			"to": [4.625, 24.5, 12],
			"rotation": {"angle": -45, "axis": "x", "origin": [0, 0.875, 10]},
			"faces": {
				"north": {"uv": [0, 15, 1, 16], "rotation": 90, "texture": "#0"},
				"east": {"uv": [0, 15, 1, 16], "rotation": 270, "texture": "#0"},
				"south": {"uv": [0, 15, 1, 16], "texture": "#0"},
				"west": {"uv": [0, 15, 1, 16], "rotation": 90, "texture": "#0"},
				"up": {"uv": [0, 15, 1, 16], "rotation": 180, "texture": "#0"},
				"down": {"uv": [0, 15, 1, 16], "texture": "#0"}
			}
		},
		{
			"from": [2.625, 11.75, 24],
			"to": [10.625, 22.875, 32],
			"rotation": {"angle": -45, "axis": "x", "origin": [0, 0.875, 10]},
			"faces": {
				"north": {"uv": [8, 0, 16, 16], "texture": "#0"},
				"east": {"uv": [8, 0, 16, 16], "texture": "#0"},
				"south": {"uv": [8, 0, 16, 16], "texture": "#0"},
				"west": {"uv": [8, 0, 16, 16], "texture": "#0"},
				"up": {"uv": [0, 0, 8, 8], "texture": "#0"},
				"down": {"uv": [0, 0, 8, 8], "texture": "#0"}
			}
		},
		{
			"from": [2.625, 24, -1.875],
			"to": [10.625, 32, 10],
			"rotation": {"angle": 0, "axis": "x", "origin": [0, 0.875, 10]},
			"faces": {
				"north": {"uv": [0, 0, 8, 8], "rotation": 180, "texture": "#0"},
				"east": {"uv": [8, 0, 16, 16], "rotation": 270, "texture": "#0"},
				"south": {"uv": [0, 0, 8, 8], "texture": "#0"},
				"west": {"uv": [8, 0, 16, 16], "rotation": 90, "texture": "#0"},
				"up": {"uv": [8, 0, 16, 16], "rotation": 180, "texture": "#0"},
				"down": {"uv": [8, 0, 16, 16], "texture": "#0"}
			}
		},
		{
			"from": [2.625, -16, 13.75],
			"to": [10.625, 14, 21.75],
			"rotation": {"angle": 0, "axis": "y", "origin": [0, 0.875, 10]},
			"faces": {
				"north": {"uv": [8, 0, 16, 16], "texture": "#0"},
				"east": {"uv": [8, 0, 16, 16], "texture": "#0"},
				"south": {"uv": [8, 0, 16, 16], "texture": "#0"},
				"west": {"uv": [8, 0, 16, 16], "texture": "#0"},
				"up": {"uv": [0, 0, 8, 8], "texture": "#0"},
				"down": {"uv": [0, 0, 8, 8], "texture": "#0"}
			}
		}
	],
	"display": {
		"thirdperson_righthand": {
			"rotation": [65.5, 0, 0],
			"translation": [-4.5, 5.5, 2.25]
		},
		"thirdperson_lefthand": {
			"rotation": [65.5, 0, 0],
			"translation": [-7.25, 5.5, 2.25]
		},
		"firstperson_righthand": {
			"translation": [-9.75, 0, 0.75],
			"scale": [4, 4, 4]
		},
		"firstperson_lefthand": {
			"translation": [-9.75, 0, 0.75],
			"scale": [4, 4, 4]
		},
		"ground": {
			"translation": [0, 20, 0]
		},
		"gui": {
			"rotation": [180, 48, 180],
			"scale": [0.3, 0.3, 0.3]
		},
		"head": {
			"translation": [2, -21.75, -17.75],
			"scale": [2, 2, 2]
		},
		"fixed": {
			"rotation": [-90, 0, 0],
			"translation": [3, -20, -48.25],
			"scale": [2, 2, 2]
		}
	},
	"groups": [
		{
			"name": "group",
			"origin": [0, 0, 0],
			"color": 0,
			"children": [0, 1, 2, 3, 4, 5, 6, 7, 8, 9, 10, 11, 12, 13, 14, 15, 16, 17, 18]
		}
	]
}