{
	"credit": "Made with Blockbench",
	"parent": "item/handheld",
	"textures": {
		"particle": "item/yozora",
		"layer0": "item/yozora"
	},
	"gui_light": "front",
	"display": {
		"thirdperson_righthand": {
			"rotation": [0, 90, 63],
			"translation": [-0.25, 10, 5.25],
			"scale": [1.5, 1.5, 0.7]
		},
		"thirdperson_lefthand": {
			"rotation": [0, -90, -63],
			"translation": [-0.25, 10, 5.25],
			"scale": [1.5, 1.5, 0.7]
		},
		"firstperson_righthand": {
			"rotation": [21, 87, 9],
			"translation": [9, 3, -5.5],
			"scale": [1.5, 1.5, 0.7]
		},
		"firstperson_lefthand": {
			"rotation": [38, -87, 9],
			"translation": [7.25, 3.75, -5.5],
			"scale": [1.5, 1.5, 0.7]
		},
		"ground": {
			"rotation": [0, 0, -134],
			"translation": [0, 19, 0],
			"scale": [2, 2, 1]
		},
		"gui": {
			"scale": [1.2, 1.2, 1]
		},
		"head": {
			"rotation": [-4, 0, 180],
			"translation": [2, -17.25, 6],
			"scale": [2, 2, 1]
		},
		"fixed": {
			"translation": [0, 0, -1],
			"scale": [4, 4, 2]
		}
	}
}